,cu_mask,decode_batch_size,decode_len,prefill_len,prefill_batch,prefill_avg_time,decode_avg_time
0,32.0,32,256,256,1,72.07166666666667,193.095
1,32.0,32,256,256,4,271.4476666666667,193.857
2,32.0,32,256,256,8,534.1953333333333,193.536
3,32.0,32,256,256,16,1075.487,196.51666666666665
4,32.0,32,256,256,32,2134.0693333333334,200.16466666666665
5,32.0,32,256,512,1,248.14133333333334,194.32466666666664
6,32.0,32,256,512,4,947.114,193.99033333333335
7,32.0,32,256,512,8,1891.3006666666668,213.38166666666666
8,32.0,32,256,512,16,3813.8056666666666,206.245
9,32.0,32,256,1024,1,963.4976666666666,205.80433333333335
10,32.0,32,256,1024,4,3599.9966666666664,209.30566666666667
11,32.0,32,256,1024,8,7219.625,199.59
12,32.0,32,256,2048,1,3590.6693333333333,208.28966666666665
13,32.0,32,256,2048,4,14022.403,194.07066666666665
14,32.0,32,256,2048,8,27923.674333333332,194.07066666666665
15,32.0,32,256,4096,1,14058.311333333333,194.20466666666667
16,32.0,32,256,4096,4,55027.140666666666,194.28433333333334
17,32.0,32,512,256,1,73.20766666666667,340.0983333333333
18,32.0,32,512,256,4,272.4766666666667,345.5506666666667
19,32.0,32,512,256,8,527.1656666666667,345.60433333333333
20,32.0,32,512,256,16,1085.23,350.02733333333333
21,32.0,32,512,256,32,2149.839,365.5693333333333
22,32.0,32,512,512,1,249.22366666666665,344.8156666666667
23,32.0,32,512,512,4,951.4033333333334,346.005
24,32.0,32,512,512,8,1907.0566666666668,361.5606666666667
25,32.0,32,512,512,16,3808.434,362.0416666666667
26,32.0,32,512,1024,1,957.618,356.2416666666667
27,32.0,32,512,1024,4,3595.186,373.6016666666667
28,32.0,32,512,1024,8,7235.769333333333,354.0363333333333
29,32.0,32,512,2048,1,3604.6476666666667,369.37833333333333
30,32.0,32,512,2048,4,14042.597666666667,346.1923333333333
31,32.0,32,512,2048,8,27946.851333333332,346.6996666666667
32,32.0,32,512,4096,1,14005.431666666665,346.00533333333334
33,32.0,32,512,4096,4,54954.967,345.577
34,32.0,32,1024,256,1,73.328,636.7233333333334
35,32.0,32,1024,256,4,273.078,642.5906666666666
36,32.0,32,1024,256,8,528.2623333333333,649.0723333333334
37,32.0,32,1024,256,16,1083.359,666.6723333333334
38,32.0,32,1024,256,32,2146.605,682.5213333333334
39,32.0,32,1024,512,1,249.758,641.0403333333334
40,32.0,32,1024,512,4,958.8736666666666,664.8013333333333
41,32.0,32,1024,512,8,1899.76,679.9826666666667
42,32.0,32,1024,512,16,3831.1933333333336,694.0683333333334
43,32.0,32,1024,1024,1,971.1426666666666,683.711
44,32.0,32,1024,1024,4,3597.378,698.4913333333334
45,32.0,32,1024,1024,8,7194.034333333333,660.431
46,32.0,32,1024,2048,1,3617.8383333333336,689.551
47,32.0,32,1024,2048,4,14037.386,652.346
48,32.0,32,1024,2048,8,27983.44266666667,650.2476666666666
49,32.0,32,1024,4096,1,14028.632666666666,650.475
50,32.0,32,1024,4096,4,54951.12233333333,650.235
51,32.0,32,2048,256,1,103.73066666666668,1249.0316666666668
52,32.0,32,2048,256,4,272.78433333333334,1255.994
53,32.0,32,2048,256,8,535.9463333333334,1260.1636666666668
54,32.0,32,2048,256,16,1093.3016666666667,1293.3596666666667
55,32.0,32,2048,256,32,2157.2156666666665,1303.3823333333332
56,32.0,32,2048,512,1,250.854,1252.72
57,32.0,32,2048,512,4,977.9976666666666,1287.5326666666667
58,32.0,32,2048,512,8,1898.8653333333332,1300.2283333333332
59,32.0,32,2048,512,16,3808.4613333333336,1288.9893333333332
60,32.0,32,2048,1024,1,962.0146666666666,1291.1543333333332
61,32.0,32,2048,1024,4,3603.98,1307.2716666666668
62,32.0,32,2048,1024,8,7219.960666666667,1268.5163333333333
63,32.0,32,2048,2048,1,3605.9983333333334,1302.3533333333332
64,32.0,32,2048,2048,4,14044.857666666667,1259.6156666666668
65,32.0,32,2048,2048,8,27992.519333333334,1256.716
66,32.0,32,2048,4096,1,14043.721666666666,1259.3083333333332
67,32.0,32,2048,4096,4,54954.62733333334,1259.201
68,32.0,32,4096,256,1,185.865,2357.9556666666667
69,32.0,32,4096,256,4,351.0696666666667,2364.2363333333333
70,32.0,32,4096,256,8,599.9866666666667,2368.967
71,32.0,32,4096,256,16,1069.0593333333331,2462.0873333333334
72,32.0,32,4096,256,32,2135.874,2507.6446666666666
73,32.0,32,4096,512,1,349.493,2364.0493333333334
74,32.0,32,4096,512,4,969.6986666666667,2401.2276666666667
75,32.0,32,4096,512,8,1899.0386666666668,2435.64
76,32.0,32,4096,512,16,3819.299,2522.8923333333337
77,32.0,32,4096,1024,1,970.5003333333334,2408.4843333333333
78,32.0,32,4096,1024,4,3616.0336666666667,2477.6823333333336
79,32.0,32,4096,1024,8,7244.055,2424.414
80,32.0,32,4096,2048,1,3632.1906666666664,2484.351
81,32.0,32,4096,2048,4,14041.715,2428.1153333333336
82,32.0,32,4096,2048,8,27983.921333333332,2431.3893333333335
83,32.0,32,4096,4096,1,14098.311666666666,2426.178
84,32.0,32,4096,4096,4,55079.198333333334,2431.657
85,32.0,64,256,256,1,72.82,375.713
86,32.0,64,256,256,4,272.30333333333334,381.593
87,32.0,64,256,256,8,528.2086666666667,383.4373333333333
88,32.0,64,256,256,16,1089.3056666666666,390.70733333333334
89,32.0,64,256,256,32,2142.1406666666667,396.11966666666666
90,32.0,64,256,512,1,249.384,381.339
91,32.0,64,256,512,4,953.034,395.919
92,32.0,64,256,512,8,1900.0673333333332,398.5386666666667
93,32.0,64,256,512,16,3808.1666666666665,410.64566666666667
94,32.0,64,256,1024,1,943.76,395.01
95,32.0,64,256,1024,4,3591.484,414.0006666666667
96,32.0,64,256,1024,8,7216.778666666667,391.8963333333333
97,32.0,64,256,2048,1,3615.2986666666666,414.094
98,32.0,64,256,2048,4,13998.909666666666,384.6666666666667
99,32.0,64,256,2048,8,28009.993333333332,385.428
100,32.0,64,256,4096,1,14051.550333333334,383.731
101,32.0,64,256,4096,4,55108.369,384.0253333333333
102,32.0,64,512,256,1,73.23466666666667,666.7123333333334
103,32.0,64,512,256,4,271.822,672.5386666666666
104,32.0,64,512,256,8,539.9416666666666,693.32
105,32.0,64,512,256,16,1101.628,721.21
106,32.0,64,512,256,32,2139.134,700.937
107,32.0,64,512,512,1,247.87366666666665,669.9593333333333
108,32.0,64,512,512,4,949.4793333333333,691.2883333333334
109,32.0,64,512,512,8,1903.2213333333332,714.7153333333333
110,32.0,64,512,512,16,3825.206,719.6996666666666
111,32.0,64,512,1024,1,954.5176666666666,683.6173333333334
112,32.0,64,512,1024,4,3609.499,736.8056666666666
113,32.0,64,512,1024,8,7222.940333333333,690.9143333333334
114,32.0,64,512,2048,1,3609.579,722.9206666666666
115,32.0,64,512,2048,4,14029.193333333335,684.954
116,32.0,64,512,2048,8,27952.624333333333,683.2833333333334
117,32.0,64,512,4096,1,14141.604,683.3506666666666
118,32.0,64,512,4096,4,54962.74566666666,683.5236666666666
119,32.0,64,1024,256,1,88.32166666666667,1272.605
120,32.0,64,1024,256,4,282.874,1277.0286666666668
121,32.0,64,1024,256,8,527.5403333333334,1273.327
122,32.0,64,1024,256,16,1085.4033333333332,1316.4793333333332
123,32.0,64,1024,256,32,2146.9123333333337,1326.7826666666667
124,32.0,64,1024,512,1,251.29533333333333,1267.4066666666668
125,32.0,64,1024,512,4,967.28,1305.0663333333332
126,32.0,64,1024,512,8,1893.5593333333331,1330.6713333333332
127,32.0,64,1024,512,16,3835.6156666666666,1335.79
128,32.0,64,1024,1024,1,959.7696666666666,1300.8433333333332
129,32.0,64,1024,1024,4,3592.7533333333336,1326.769
130,32.0,64,1024,1024,8,7233.844666666667,1297.195
131,32.0,64,1024,2048,1,3607.8546666666666,1336.792
132,32.0,64,1024,2048,4,14087.165,1287.105
133,32.0,64,1024,2048,8,28014.698333333334,1284.352
134,32.0,64,1024,4096,1,14042.422666666665,1283.029
135,32.0,64,1024,4096,4,55085.089,1285.3543333333332
136,32.0,64,2048,256,1,187.135,2435.3456666666666
137,32.0,64,2048,256,4,360.866,2440.5176666666666
138,32.0,64,2048,256,8,589.4823333333334,2448.3493333333336
139,32.0,64,2048,256,16,1072.0663333333332,2478.5516666666667
140,32.0,64,2048,256,32,2133.0803333333333,2514.8606666666665
141,32.0,64,2048,512,1,355.453,2440.2643333333335
142,32.0,64,2048,512,4,991.6153333333334,2471.4423333333334
143,32.0,64,2048,512,8,1900.7896666666668,2527.2236666666663
144,32.0,64,2048,512,16,3807.593,2515.463
145,32.0,64,2048,1024,1,965.904,2462.7023333333336
146,32.0,64,2048,1024,4,3621.5543333333335,2569.226
147,32.0,64,2048,1024,8,7197.818333333333,2503.382
148,32.0,64,2048,2048,1,3600.6796666666664,2539.8926666666666
149,32.0,64,2048,2048,4,14022.155333333334,2506.0013333333336
150,32.0,64,2048,2048,8,27998.805333333334,2526.4213333333337
151,32.0,64,2048,4096,1,14058.838666666667,2513.071
152,32.0,64,2048,4096,4,55059.009666666665,2511.6143333333334
153,32.0,64,4096,256,1,379.6153333333333,4754.746
154,32.0,64,4096,256,4,556.687,4745.284
155,32.0,64,4096,256,8,782.858,4785.015
156,32.0,64,4096,256,16,1248.4836666666667,4839.032
157,32.0,64,4096,256,32,2217.7676666666666,4913.214666666667
158,32.0,64,4096,512,1,536.4676666666667,4746.032666666667
159,32.0,64,4096,512,4,1144.6326666666666,4789.025
160,32.0,64,4096,512,8,2004.7066666666667,4941.907
161,32.0,64,4096,512,16,3857.172,5036.337333333333
162,32.0,64,4096,1024,1,1116.1273333333334,4786.485333333333
163,32.0,64,4096,1024,4,3651.074,5068.704
164,32.0,64,4096,1024,8,7230.264,5029.080333333333
165,32.0,64,4096,2048,1,3668.367,5077.043333333333
166,32.0,64,4096,2048,4,14023.821333333333,5063.88
167,32.0,64,4096,2048,8,27971.482333333333,5112.618333333333
168,32.0,64,4096,4096,1,14057.538666666665,5061.407666666667
169,32.0,64,4096,4096,4,55064.92833333334,5177.847666666667
170,32.0,128,256,256,1,72.75333333333333,746.842
171,32.0,128,256,256,4,271.862,762.491
172,32.0,128,256,256,8,527.781,765.2843333333334
173,32.0,128,256,256,16,1086.4053333333331,779.2226666666667
174,32.0,128,256,256,32,2135.4996666666666,794.3243333333334
175,32.0,128,256,512,1,248.75566666666666,760.313
176,32.0,128,256,512,4,965.3823333333333,789.219
177,32.0,128,256,512,8,1890.312,784.662
178,32.0,128,256,512,16,3804.9856666666665,789.486
179,32.0,128,256,1024,1,972.572,796.4756666666666
180,32.0,128,256,1024,4,3619.9626666666663,828.0953333333334
181,32.0,128,256,1024,8,7227.844666666667,775.2936666666666
182,32.0,128,256,2048,1,3609.3653333333336,805.1886666666667
183,32.0,128,256,2048,4,14012.555,767.9706666666666
184,32.0,128,256,2048,8,27984.964333333333,765.886
185,32.0,128,256,4096,1,14014.279333333334,765.6183333333333
186,32.0,128,256,4096,4,54937.92833333334,765.565
187,32.0,128,512,256,1,92.70533333333333,1334.6
188,32.0,128,512,256,4,281.2703333333333,1342.098
189,32.0,128,512,256,8,537.6303333333334,1352.9623333333332
190,32.0,128,512,256,16,1096.8296666666668,1413.0736666666667
191,32.0,128,512,256,32,2136.6086666666665,1394.7116666666668
192,32.0,128,512,512,1,257.45633333333336,1337.313
193,32.0,128,512,512,4,961.3863333333334,1368.1706666666666
194,32.0,128,512,512,8,1913.4983333333332,1403.5443333333333
195,32.0,128,512,512,16,3844.6233333333334,1415.639
196,32.0,128,512,1024,1,960.5846666666666,1371.1906666666669
197,32.0,128,512,1024,4,3605.7306666666664,1420.356
198,32.0,128,512,1024,8,7231.519666666667,1372.6473333333333
199,32.0,128,512,2048,1,3635.96,1424.6593333333333
200,32.0,128,512,2048,4,14124.758,1363.3726666666666
201,32.0,128,512,2048,8,28042.736666666668,1359.7913333333333
202,32.0,128,512,4096,1,14056.335666666666,1362.143
203,32.0,128,512,4096,4,55369.26266666666,1360.3256666666668
204,32.0,128,1024,256,1,191.53166666666667,2502.6463333333336
205,32.0,128,1024,256,4,363.2043333333333,2503.4343333333336
206,32.0,128,1024,256,8,597.26,2513.3766666666666
207,32.0,128,1024,256,16,1072.4806666666668,2547.335
208,32.0,128,1024,256,32,2135.0316666666663,2589.9926666666665
209,32.0,128,1024,512,1,358.393,2505.092
210,32.0,128,1024,512,4,968.1083333333333,2537.9266666666667
211,32.0,128,1024,512,8,1900.9493333333332,2602.715
212,32.0,128,1024,512,16,3816.1983333333333,2598.8396666666663
213,32.0,128,1024,1024,1,984.0646666666667,2541.2816666666663
214,32.0,128,1024,1024,4,3617.3163333333337,2636.232
215,32.0,128,1024,1024,8,7229.368333333333,2588.79
216,32.0,128,1024,2048,1,3611.8376666666663,2611.923
217,32.0,128,1024,2048,4,14097.736666666666,2588.696
218,32.0,128,1024,2048,8,28056.823333333334,2586.5583333333334
219,32.0,128,1024,4096,1,14167.242333333334,2589.953
220,32.0,128,1024,4096,4,55607.101,2629.1093333333333
221,32.0,128,2048,256,1,331.946,4792.487
222,32.0,128,2048,256,4,555.565,4799.65
223,32.0,128,2048,256,8,789.567,4837.617333333333
224,32.0,128,2048,256,16,1265.8166666666668,4862.580666666667
225,32.0,128,2048,256,32,2211.447,4929.440333333333
226,32.0,128,2048,512,1,545.395,4797.378
227,32.0,128,2048,512,4,1156.6066666666668,4814.283333333333
228,32.0,128,2048,512,8,2011.577,4982.441333333333
229,32.0,128,2048,512,16,3850.3043333333335,5086.346333333333
230,32.0,128,2048,1024,1,1131.8836666666668,4852.798666666667
231,32.0,128,2048,1024,4,3623.305,5102.863666666667
232,32.0,128,2048,1024,8,7211.422333333333,5075.267
233,32.0,128,2048,2048,1,3651.2483333333334,5127.988
234,32.0,128,2048,2048,4,14020.951333333334,5113.207
235,32.0,128,2048,2048,8,27997.895,5157.134666666667
236,32.0,128,2048,4096,1,14064.237333333334,5100.445
237,32.0,128,2048,4096,4,55038.960666666666,5207.303
238,32.0,128,4096,256,1,651.6106666666666,9413.379
239,32.0,128,4096,256,4,948.931,9437.327333333335
240,32.0,128,4096,256,8,1181.944,9460.350333333334
241,32.0,128,4096,256,16,1655.0266666666666,9531.058666666666
242,32.0,128,4096,256,32,2651.105,9642.286333333333
243,32.0,128,4096,512,1,943.2646666666666,9421.875666666667
244,32.0,128,4096,512,4,1555.4386666666667,9511.962
245,32.0,128,4096,512,8,2436.4006666666664,9657.054
246,32.0,128,4096,512,16,4245.312666666667,9825.332333333334
247,32.0,128,4096,1024,1,1548.6363333333334,9516.105
248,32.0,128,4096,1024,4,4009.7203333333337,9793.700333333334
249,32.0,128,4096,1024,8,7378.548,10036.589333333333
250,32.0,128,4096,2048,1,4105.606666666667,9887.661666666667
251,32.0,128,4096,2048,4,14042.234,10050.567666666666
252,32.0,128,4096,2048,8,28017.607666666667,10138.047666666665
253,32.0,128,4096,4096,1,14059.727,10047.547666666665
254,32.0,128,4096,4096,4,55059.594666666664,10249.836333333335
255,32.0,256,256,256,1,112.73766666666667,1493.6976666666667
256,32.0,256,256,256,4,295.436,1503.159
257,32.0,256,256,256,8,526.9926666666667,1505.418
258,32.0,256,256,256,16,1075.2466666666667,1552.7933333333333
259,32.0,256,256,256,32,2151.71,1566.8253333333332
260,32.0,256,256,512,1,272.65066666666667,1496.2103333333332
261,32.0,256,256,512,4,953.9293333333334,1523.8866666666668
262,32.0,256,256,512,8,1920.087,1589.2496666666668
263,32.0,256,256,512,16,3810.8263333333334,1564.0586666666668
264,32.0,256,256,1024,1,949.4796666666666,1523.5526666666667
265,32.0,256,256,1024,4,3605.677,1593.4056666666668
266,32.0,256,256,1024,8,7233.444333333333,1546.4053333333331
267,32.0,256,256,2048,1,3631.87,1569.859
268,32.0,256,256,2048,4,14207.614666666666,1531.09
269,32.0,256,256,2048,8,28324.702666666668,1529.5796666666668
270,32.0,256,256,4096,1,14231.068,1532.867
271,32.0,256,256,4096,4,55708.225,1526.7466666666667
272,32.0,256,512,256,1,159.351,2641.417
273,32.0,256,512,256,4,384.35966666666667,2649.9163333333336
274,32.0,256,512,256,8,622.825,2654.9816666666666
275,32.0,256,512,256,16,1110.02,2696.877
276,32.0,256,512,256,32,2122.0153333333333,2733.348
277,32.0,256,512,512,1,377.6513333333333,2638.798
278,32.0,256,512,512,4,995.7186666666666,2692.7076666666667
279,32.0,256,512,512,8,1894.5483333333332,2750.9476666666665
280,32.0,256,512,512,16,3827.344,2779.319
281,32.0,256,512,1024,1,982.0336666666666,2690.022
282,32.0,256,512,1024,4,3612.4386666666664,2792.576
283,32.0,256,512,1024,8,7198.979,2736.5683333333336
284,32.0,256,512,2048,1,3637.9643333333333,2790.8126666666667
285,32.0,256,512,2048,4,14231.336,2750.1996666666664
286,32.0,256,512,2048,8,28367.307666666668,2749.5446666666667
287,32.0,256,512,4096,1,14286.168,2758.4983333333334
288,32.0,256,512,4096,4,55843.108,2771.1133333333337
289,32.0,256,1024,256,1,222.87,4926.94
290,32.0,256,1024,256,4,573.8066666666666,4931.242666666667
291,32.0,256,1024,256,8,806.806,4933.047333333333
292,32.0,256,1024,256,16,1284.3516666666667,4981.424666666667
293,32.0,256,1024,256,32,2230.49,5052.426666666667
294,32.0,256,1024,512,1,524.3333333333334,4929.559
295,32.0,256,1024,512,4,1174.6613333333332,4999.011333333333
296,32.0,256,1024,512,8,2023.202,5116.360333333333
297,32.0,256,1024,512,16,3856.8783333333336,5246.698
298,32.0,256,1024,1024,1,1144.1913333333332,4961.191333333333
299,32.0,256,1024,1024,4,3616.087,5243.477333333333
300,32.0,256,1024,1024,8,7206.849666666667,5215.934666666667
301,32.0,256,1024,2048,1,3630.507,5237.303333333333
302,32.0,256,1024,2048,4,14052.219666666666,5272.343666666667
303,32.0,256,1024,2048,8,28073.639333333333,5333.123666666667
304,32.0,256,1024,4096,1,14270.066666666666,5318.650666666667
305,32.0,256,1024,4096,4,56074.699,5456.686333333333
306,32.0,256,2048,256,1,335.287,9517.098333333333
307,32.0,256,2048,256,4,958.8603333333334,9545.429666666667
308,32.0,256,2048,256,8,1187.9446666666668,9563.163
309,32.0,256,2048,256,16,1668.792,9632.749666666667
310,32.0,256,2048,256,32,2646.59,9763.140666666666
311,32.0,256,2048,512,1,779.2096666666666,9537.023333333334
312,32.0,256,2048,512,4,1569.8056666666666,9616.285
313,32.0,256,2048,512,8,2442.4693333333335,9739.954666666667
314,32.0,256,2048,512,16,4226.806,9894.935666666666
315,32.0,256,2048,1024,1,1558.808,9613.471333333335
316,32.0,256,2048,1024,4,4078.5196666666666,9977.551666666666
317,32.0,256,2048,1024,8,7350.807,10105.671333333334
318,32.0,256,2048,2048,1,4126.763,10007.754
319,32.0,256,2048,2048,4,14004.58,10142.088333333333
320,32.0,256,2048,2048,8,27970.84733333333,10256.163
321,32.0,256,2048,4096,1,14048.828666666666,10137.892333333333
322,32.0,256,2048,4096,4,55213.16033333333,10443.191333333334
323,32.0,256,4096,256,1,655.9146666666667,18734.434666666668
324,32.0,256,4096,256,4,1744.2973333333332,18760.401
325,32.0,256,4096,256,8,1995.9,18793.049333333332
326,32.0,256,4096,256,16,2519.0966666666664,18908.447
327,32.0,256,4096,256,32,3496.479,18969.640333333333
328,32.0,256,4096,512,1,1349.755,18740.73
329,32.0,256,4096,512,4,2413.2816666666663,18902.353333333333
330,32.0,256,4096,512,8,3319.929,19000.88533333333
331,32.0,256,4096,512,16,5179.744,19225.319
332,32.0,256,4096,1024,1,2365.6523333333334,18824.160666666667
333,32.0,256,4096,1024,4,4997.968,19209.963333333333
334,32.0,256,4096,1024,8,8349.102,19518.108333333334
335,32.0,256,4096,2048,1,4970.438333333333,19210.137333333332
336,32.0,256,4096,2048,4,14423.226,19962.018
337,32.0,256,4096,2048,8,27928.471,19967.337
338,32.0,256,4096,4096,1,14523.735666666666,19906.945
339,32.0,256,4096,4096,4,55045.94066666666,20203.838333333333
340,32.0,512,256,256,1,120.63566666666667,2985.2706666666663
341,32.0,512,256,256,4,410.0846666666667,2980.473
342,32.0,512,256,256,8,651.4373333333334,2985.8183333333336
343,32.0,512,256,256,16,1114.8443333333332,3002.069
344,32.0,512,256,256,32,2132.5196666666666,3108.7396666666664
345,32.0,512,256,512,1,330.1016666666667,2985.658
346,32.0,512,256,512,4,1023.4746666666666,3001.0666666666666
347,32.0,512,256,512,8,1870.3593333333333,3090.2306666666664
348,32.0,512,256,512,16,3840.6673333333333,3155.2326666666663
349,32.0,512,256,1024,1,1010.913,3031.6163333333334
350,32.0,512,256,1024,4,3603.2976666666664,3154.4976666666666
351,32.0,512,256,1024,8,7220.628,3112.5486666666666
352,32.0,512,256,2048,1,3663.93,3183.2036666666663
353,32.0,512,256,2048,4,14306.775,3136.4963333333335
354,32.0,512,256,2048,8,28538.41833333333,3146.974
355,32.0,512,256,4096,1,14342.416666666666,3407.143
356,32.0,512,256,4096,4,56384.384666666665,3430.5963333333334
357,32.0,512,512,256,1,159.57833333333335,5246.217
358,32.0,512,512,256,4,558.585,5245.762666666667
359,32.0,512,512,256,8,841.1513333333334,5273.185333333333
360,32.0,512,512,256,16,1316.7596666666668,5347.877
361,32.0,512,512,256,32,2271.1166666666663,5428.394
362,32.0,512,512,512,1,391.5363333333333,5261.118
363,32.0,512,512,512,4,1207.5226666666667,5302.826666666667
364,32.0,512,512,512,8,2055.904,5451.580333333333
365,32.0,512,512,512,16,3860.259,5574.568666666667
366,32.0,512,512,1024,1,1140.757,5302.439666666667
367,32.0,512,512,1024,4,3610.381,5559.2
368,32.0,512,512,1024,8,7203.669666666667,5582.293
369,32.0,512,512,2048,1,3689.696,5624.268666666667
370,32.0,512,512,2048,4,14204.996333333334,5675.546
371,32.0,512,512,2048,8,28430.879,5729.483
372,32.0,512,512,4096,1,14421.317333333334,5685.235333333333
373,32.0,512,512,4096,4,56030.05566666667,5856.373333333333
374,32.0,512,1024,256,1,227.29333333333335,9861.725666666665
375,32.0,512,1024,256,4,817.4436666666667,9855.498333333335
376,32.0,512,1024,256,8,1224.99,9871.882666666666
377,32.0,512,1024,256,16,1701.1863333333333,9933.770666666665
378,32.0,512,1024,256,32,2686.4536666666663,10103.813
379,32.0,512,1024,512,1,526.9526666666666,9888.066
380,32.0,512,1024,512,4,1596.1053333333332,9941.602
381,32.0,512,1024,512,8,2482.6943333333334,10058.763333333334
382,32.0,512,1024,512,16,4292.729333333333,10277.357
383,32.0,512,1024,1024,1,1424.1253333333332,9943.259
384,32.0,512,1024,1024,4,4099.26,10252.339333333333
385,32.0,512,1024,1024,8,7371.427666666667,10468.26
386,32.0,512,1024,2048,1,4122.5,10262.830666666667
387,32.0,512,1024,2048,4,14066.146666666666,10539.249666666667
388,32.0,512,1024,2048,8,28013.64833333333,10550.341666666665
389,32.0,512,1024,4096,1,14287.132333333335,10629.148333333334
390,32.0,512,1024,4096,4,56095.78666666667,10932.068666666666
391,32.0,512,2048,256,1,334.753,19002.577666666668
392,32.0,512,2048,256,4,1315.2496666666668,19086.517
393,32.0,512,2048,256,8,2001.2326666666668,19094.94933333333
394,32.0,512,2048,256,16,2511.3736666666664,19254.193666666666
395,32.0,512,2048,256,32,3548.507,19344.36033333333
396,32.0,512,2048,512,1,771.298,19024.281
397,32.0,512,2048,512,4,2421.4876666666664,19143.31333333333
398,32.0,512,2048,512,8,3353.768,19288.819333333333
399,32.0,512,2048,512,16,5198.723333333333,19526.93766666667
400,32.0,512,2048,1024,1,1931.995,19192.373
401,32.0,512,2048,1024,4,4996.781,19468.857666666667
402,32.0,512,2048,1024,8,8387.913,19843.939333333332
403,32.0,512,2048,2048,1,4989.229333333333,19474.81466666667
404,32.0,512,2048,2048,4,14393.334333333334,20161.92033333333
405,32.0,512,2048,2048,8,27959.70966666667,20275.781
406,32.0,512,2048,4096,1,14597.454666666667,20228.90033333333
407,32.0,512,2048,4096,4,55222.82666666667,20605.13533333333
408,32.0,512,4096,256,1,648.9783333333334,37382.40833333333
409,32.0,512,4096,256,4,2454.5623333333333,37424.999
410,32.0,512,4096,256,8,3707.9636666666665,37509.65966666667
411,32.0,512,4096,256,16,4240.983333333333,37653.013333333336
412,32.0,512,4096,256,32,5264.150666666667,37794.39266666667
413,32.0,512,4096,512,1,1348.9796666666668,37414.10766666666
414,32.0,512,4096,512,4,4097.160666666667,37564.064
415,32.0,512,4096,512,8,5062.649666666667,37695.75233333334
416,32.0,512,4096,512,16,6805.918333333333,37962.75
417,32.0,512,4096,1024,1,3157.865,37558.51833333333
418,32.0,512,4096,1024,4,6731.788666666667,37870.939
419,32.0,512,4096,1024,8,10077.497,38181.075
420,32.0,512,4096,2048,1,6705.475333333333,37811.469666666664
421,32.0,512,4096,2048,4,16197.057666666666,38622.285
422,32.0,512,4096,2048,8,28716.20766666667,39553.52133333334
423,32.0,512,4096,4096,1,16287.571666666667,38663.098666666665
424,32.0,512,4096,4096,4,55121.79466666666,39981.234333333334
425,64.0,32,256,256,1,87.50666666666667,101.913
426,64.0,32,256,256,4,305.365,102.20733333333332
427,64.0,32,256,256,8,604.3696666666666,101.98033333333333
428,64.0,32,256,256,16,1218.5613333333333,102.71466666666667
429,64.0,32,256,256,32,2425.4963333333335,106.457
430,64.0,32,256,512,1,279.74666666666667,102.03333333333333
431,64.0,32,256,512,4,1086.2046666666668,102.50166666666667
432,64.0,32,256,512,8,2164.8326666666667,113.25933333333333
433,64.0,32,256,512,16,4363.691,107.15166666666667
434,64.0,32,256,1024,1,1070.2623333333333,101.873
435,64.0,32,256,1024,4,4124.423,107.47266666666667
436,64.0,32,256,1024,8,8234.306666666667,102.36733333333333
437,64.0,32,256,2048,1,4072.9053333333336,108.28733333333332
438,64.0,32,256,2048,4,15945.991,102.60833333333333
439,64.0,32,256,2048,8,31793.28933333333,103.25
440,64.0,32,256,4096,1,16113.333666666666,102.28733333333332
441,64.0,32,256,4096,4,62452.21133333333,102.71433333333333
442,64.0,32,512,256,1,87.34633333333333,181.281
443,64.0,32,512,256,4,305.539,182.68466666666666
444,64.0,32,512,256,8,601.1616666666666,182.41733333333335
445,64.0,32,512,256,16,1226.8743333333332,183.57966666666667
446,64.0,32,512,256,32,2424.334,188.69866666666667
447,64.0,32,512,512,1,280.214,182.75166666666667
448,64.0,32,512,512,4,1070.6763333333333,182.698
449,64.0,32,512,512,8,2164.432,190.10133333333334
450,64.0,32,512,512,16,4347.694666666667,187.70933333333335
451,64.0,32,512,1024,1,1054.279,192.654
452,64.0,32,512,1024,4,4139.565,191.238
453,64.0,32,512,1024,8,8217.108333333334,182.93866666666665
454,64.0,32,512,2048,1,4085.9893333333334,191.652
455,64.0,32,512,2048,4,15912.315666666665,182.36366666666666
456,64.0,32,512,2048,8,31804.919,182.658
457,64.0,32,512,4096,1,16060.748,182.44433333333333
458,64.0,32,512,4096,4,62371.28433333334,182.805
459,64.0,32,1024,256,1,87.921,338.6016666666667
460,64.0,32,1024,256,4,306.4476666666667,344.1606666666667
461,64.0,32,1024,256,8,594.3333333333334,343.4523333333333
462,64.0,32,1024,256,16,1229.3596666666667,358.9546666666667
463,64.0,32,1024,256,32,2421.7013333333334,354.384
464,64.0,32,1024,512,1,279.974,343.9203333333333
465,64.0,32,1024,512,4,1078.9756666666667,344.2406666666667
466,64.0,32,1024,512,8,2171.7823333333336,356.9633333333333
467,64.0,32,1024,512,16,4336.455333333333,349.3196666666667
468,64.0,32,1024,1024,1,1069.2866666666666,343.4256666666667
469,64.0,32,1024,1024,4,4137.346666666666,358.5403333333333
470,64.0,32,1024,1024,8,8243.796,343.145
471,64.0,32,1024,2048,1,4083.116,352.1393333333333
472,64.0,32,1024,2048,4,15913.237666666666,343.827
473,64.0,32,1024,2048,8,31797.16866666667,343.867
474,64.0,32,1024,4096,1,16102.164,343.319
475,64.0,32,1024,4096,4,62401.808666666664,343.319
476,64.0,32,2048,256,1,101.352,651.5706666666666
477,64.0,32,2048,256,4,306.7956666666667,656.903
478,64.0,32,2048,256,8,594.7866666666666,664.0383333333334
479,64.0,32,2048,256,16,1244.4206666666666,693.467
480,64.0,32,2048,256,32,2431.043,684.2856666666667
481,64.0,32,2048,512,1,280.57533333333333,657.1836666666667
482,64.0,32,2048,512,4,1082.2626666666667,678.5656666666666
483,64.0,32,2048,512,8,2165.0466666666666,699.2263333333334
484,64.0,32,2048,512,16,4363.250666666667,674.6773333333334
485,64.0,32,2048,1024,1,1085.0963333333332,674.169
486,64.0,32,2048,1024,4,4113.5053333333335,679.4213333333333
487,64.0,32,2048,1024,8,8219.193333333333,666.3913333333334
488,64.0,32,2048,2048,1,4090.4663333333333,681.7596666666666
489,64.0,32,2048,2048,4,15941.876666666665,664.3466666666666
490,64.0,32,2048,2048,8,31891.411,665.0683333333334
491,64.0,32,2048,4096,1,16098.582,664.7206666666666
492,64.0,32,2048,4096,4,62502.265666666666,665.71
493,64.0,32,4096,256,1,187.37533333333334,1299.7873333333332
494,64.0,32,4096,256,4,364.715,1305.1063333333332
495,64.0,32,4096,256,8,609.688,1302.848
496,64.0,32,4096,256,16,1238.9413333333332,1358.8026666666667
497,64.0,32,4096,256,32,2421.1933333333336,1321.5576666666668
498,64.0,32,4096,512,1,354.4506666666667,1303.6896666666667
499,64.0,32,4096,512,4,1091.3636666666666,1335.576
500,64.0,32,4096,512,8,2167.787,1336.03
501,64.0,32,4096,512,16,4354.163,1326.1943333333334
502,64.0,32,4096,1024,1,1077.412,1328.6273333333334
503,64.0,32,4096,1024,4,4151.098333333333,1331.246
504,64.0,32,4096,1024,8,8262.559,1310.0373333333332
505,64.0,32,4096,2048,1,4094.9836666666665,1328.9473333333333
506,64.0,32,4096,2048,4,15934.086,1306.5896666666667
507,64.0,32,4096,2048,8,31828.949666666667,1307.7256666666667
508,64.0,32,4096,4096,1,16106.187333333333,1307.2846666666667
509,64.0,32,4096,4096,4,62582.18466666666,1308.0463333333332
510,64.0,64,256,256,1,87.89466666666667,187.73566666666665
511,64.0,64,256,256,4,306.6213333333333,189.47333333333333
512,64.0,64,256,256,8,594.0123333333333,189.019
513,64.0,64,256,256,16,1225.1896666666667,191.23766666666666
514,64.0,64,256,256,32,2428.9976666666666,196.95733333333334
515,64.0,64,256,512,1,280.09433333333334,189.24633333333335
516,64.0,64,256,512,4,1077.639,189.13966666666667
517,64.0,64,256,512,8,2153.9553333333333,195.90166666666667
518,64.0,64,256,512,16,4354.63,193.36266666666666
519,64.0,64,256,1024,1,1071.973,189.47366666666665
520,64.0,64,256,1024,4,4129.381333333334,199.22933333333333
521,64.0,64,256,1024,8,8205.066333333332,189.72766666666666
522,64.0,64,256,2048,1,4081.271,197.599
523,64.0,64,256,2048,4,15955.092,189.80766666666665
524,64.0,64,256,2048,8,31821.942,189.76766666666666
525,64.0,64,256,4096,1,16039.071,189.66033333333334
526,64.0,64,256,4096,4,62402.84533333334,189.99433333333334
527,64.0,64,512,256,1,87.70766666666667,331.1443333333333
528,64.0,64,512,256,4,306.622,336.396
529,64.0,64,512,256,8,604.8236666666667,346.9803333333333
530,64.0,64,512,256,16,1229.1323333333332,342.45
531,64.0,64,512,256,32,2429.0243333333333,348.59766666666667
532,64.0,64,512,512,1,279.867,336.423
533,64.0,64,512,512,4,1079.9243333333332,336.824
534,64.0,64,512,512,8,2162.6013333333335,352.152
535,64.0,64,512,512,16,4349.739333333333,349.56
536,64.0,64,512,1024,1,1076.102,347.5416666666667
537,64.0,64,512,1024,4,4126.468666666667,350.749
538,64.0,64,512,1024,8,8218.378,337.0246666666667
539,64.0,64,512,2048,1,4074.1486666666665,348.504
540,64.0,64,512,2048,4,15978.186,336.9046666666667
541,64.0,64,512,2048,8,31828.359666666667,336.7573333333333
542,64.0,64,512,4096,1,16090.603333333334,336.677
543,64.0,64,512,4096,4,62429.88766666666,337.0776666666667
544,64.0,64,1024,256,1,90.72766666666668,619.417
545,64.0,64,1024,256,4,307.089,625.3506666666666
546,64.0,64,1024,256,8,595.4556666666666,631.1913333333333
547,64.0,64,1024,256,16,1217.0383333333332,645.958
548,64.0,64,1024,256,32,2426.0446666666667,646.265
549,64.0,64,1024,512,1,279.894,623.7066666666666
550,64.0,64,1024,512,4,1085.5373333333332,648.1503333333334
551,64.0,64,1024,512,8,2158.619,660.1506666666667
552,64.0,64,1024,512,16,4357.984666666667,640.9996666666666
553,64.0,64,1024,1024,1,1079.804,637.205
554,64.0,64,1024,1024,4,4128.687333333333,651.8116666666666
555,64.0,64,1024,1024,8,8219.634333333333,631.8053333333334
556,64.0,64,1024,2048,1,4069.124,642.884
557,64.0,64,1024,2048,4,15950.497,631.8593333333333
558,64.0,64,1024,2048,8,31916.696,632.18
559,64.0,64,1024,4096,1,16111.251,631.6453333333334
560,64.0,64,1024,4096,4,62469.92366666666,632.0596666666667
561,64.0,64,2048,256,1,184.26166666666666,1215.715
562,64.0,64,2048,256,4,363.2043333333333,1220.179
563,64.0,64,2048,256,8,595.2553333333334,1227.288
564,64.0,64,2048,256,16,1233.2216666666668,1257.21
565,64.0,64,2048,256,32,2442.9633333333336,1247.8823333333332
566,64.0,64,2048,512,1,354.264,1219.3366666666668
567,64.0,64,2048,512,4,1100.759,1251.6243333333332
568,64.0,64,2048,512,8,2176.527,1256.194
569,64.0,64,2048,512,16,4342.230666666667,1238.982
570,64.0,64,2048,1024,1,1081.074,1259.295
571,64.0,64,2048,1024,4,4133.1106666666665,1238.7143333333333
572,64.0,64,2048,1024,8,8207.099666666667,1220.2456666666667
573,64.0,64,2048,2048,1,4074.7373333333335,1242.8573333333331
574,64.0,64,2048,2048,4,15961.002,1220.5936666666666
575,64.0,64,2048,2048,8,31879.640333333333,1220.66
576,64.0,64,2048,4096,1,16130.656666666666,1219.2966666666669
577,64.0,64,2048,4096,4,62557.58433333333,1220.272
578,64.0,64,4096,256,1,379.8156666666667,2434.3303333333333
579,64.0,64,4096,256,4,550.9003333333334,2367.738
580,64.0,64,4096,256,8,813.8623333333334,2457.7433333333333
581,64.0,64,4096,256,16,1260.6976666666667,2401.2413333333334
582,64.0,64,4096,256,32,2441.3193333333334,2434.825
583,64.0,64,4096,512,1,540.811,2367.15
584,64.0,64,4096,512,4,1171.507,2480.9303333333337
585,64.0,64,4096,512,8,2197.5346666666665,2460.6573333333336
586,64.0,64,4096,512,16,4359.628666666667,2431.283
587,64.0,64,4096,1024,1,1134.676,2410.4486666666667
588,64.0,64,4096,1024,4,4129.328333333334,2514.874
589,64.0,64,4096,1024,8,8228.681666666667,2418.2266666666665
590,64.0,64,4096,2048,1,4091.535,2520.1393333333335
591,64.0,64,4096,2048,4,15990.546666666665,2441.199
592,64.0,64,4096,2048,8,31894.000333333333,2539.3433333333337
593,64.0,64,4096,4096,1,16106.264,2424.8683333333333
594,64.0,64,4096,4096,4,62471.90866666666,2537.1116666666667
595,64.0,128,256,256,1,87.68033333333332,372.8396666666667
596,64.0,128,256,256,4,305.8063333333333,378.306
597,64.0,128,256,256,8,594.2933333333334,378.3186666666667
598,64.0,128,256,256,16,1221.1136666666666,389.90566666666666
599,64.0,128,256,256,32,2422.743,391.0283333333333
600,64.0,128,256,512,1,281.5106666666667,379.2143333333333
601,64.0,128,256,512,4,1087.0606666666667,381.1123333333333
602,64.0,128,256,512,8,2173.5866666666666,393.21933333333334
603,64.0,128,256,512,16,4352.638666666667,390.4666666666667
604,64.0,128,256,1024,1,1075.2866666666666,380.3503333333333
605,64.0,128,256,1024,4,4133.229666666666,397.8573333333333
606,64.0,128,256,1024,8,8246.147333333332,381.20533333333333
607,64.0,128,256,2048,1,4068.9896666666664,390.8006666666667
608,64.0,128,256,2048,4,15993.994666666666,381.2456666666667
609,64.0,128,256,2048,8,31825.711,381.5126666666667
610,64.0,128,256,4096,1,16074.993333333334,380.0296666666667
611,64.0,128,256,4096,4,62420.873,381.7266666666667
612,64.0,128,512,256,1,96.34066666666668,660.204
613,64.0,128,512,256,4,306.2203333333333,665.0153333333334
614,64.0,128,512,256,8,605.0376666666666,676.401
615,64.0,128,512,256,16,1219.3633333333332,685.088
616,64.0,128,512,256,32,2430.3743333333337,692.3176666666666
617,64.0,128,512,512,1,280.241,666.0843333333333
618,64.0,128,512,512,4,1078.8416666666667,674.9706666666666
619,64.0,128,512,512,8,2162.4946666666665,703.2093333333333
620,64.0,128,512,512,16,4354.938333333333,687.4396666666667
621,64.0,128,512,1024,1,1082.9046666666668,685.1676666666666
622,64.0,128,512,1024,4,4128.325666666667,691.529
623,64.0,128,512,1024,8,8216.346333333333,676.3076666666666
624,64.0,128,512,2048,1,4091.8293333333336,696.3663333333334
625,64.0,128,512,2048,4,15996.161333333333,674.7706666666667
626,64.0,128,512,2048,8,32031.65233333333,675.826
627,64.0,128,512,4096,1,16179.554,675.145
628,64.0,128,512,4096,4,62683.58733333334,676.441
629,64.0,128,1024,256,1,203.198,1257.183
630,64.0,128,1024,256,4,366.7993333333333,1261.5663333333332
631,64.0,128,1024,256,8,618.8293333333334,1269.7453333333333
632,64.0,128,1024,256,16,1228.277,1297.93
633,64.0,128,1024,256,32,2428.9043333333334,1285.8886666666667
634,64.0,128,1024,512,1,361.03933333333333,1262.823
635,64.0,128,1024,512,4,1106.4653333333333,1304.9723333333332
636,64.0,128,1024,512,8,2168.9766666666665,1301.498
637,64.0,128,1024,512,16,4353.735666666667,1288.0673333333332
638,64.0,128,1024,1024,1,1074.1246666666668,1295.3506666666667
639,64.0,128,1024,1024,4,4127.738,1284.2983333333332
640,64.0,128,1024,1024,8,8248.313333333334,1266.7383333333332
641,64.0,128,1024,2048,1,4096.426333333334,1290.032
642,64.0,128,1024,2048,4,15989.907333333334,1264.3333333333333
643,64.0,128,1024,2048,8,31918.314,1266.1773333333333
644,64.0,128,1024,4096,1,16233.117,1266.5246666666667
645,64.0,128,1024,4096,4,63041.835333333336,1268.6493333333333
646,64.0,128,2048,256,1,337.5726666666667,2406.119
647,64.0,128,2048,256,4,559.6403333333334,2409.046
648,64.0,128,2048,256,8,796.155,2414.2173333333335
649,64.0,128,2048,256,16,1274.6903333333332,2440.304
650,64.0,128,2048,256,32,2454.9773333333333,2493.6393333333335
651,64.0,128,2048,512,1,546.8513333333334,2410.0613333333336
652,64.0,128,2048,512,4,1168.2733333333333,2439.2883333333334
653,64.0,128,2048,512,8,2189.45,2493.92
654,64.0,128,2048,512,16,4376.173333333333,2493.7063333333335
655,64.0,128,2048,1024,1,1178.6966666666667,2453.9346666666665
656,64.0,128,2048,1024,4,4145.819333333334,2492.7706666666663
657,64.0,128,2048,1024,8,8216.962333333333,2465.3213333333333
658,64.0,128,2048,2048,1,4080.5236666666665,2489.4026666666664
659,64.0,128,2048,2048,4,15954.319333333335,2471.3346666666666
660,64.0,128,2048,2048,8,31786.961,2461.058
661,64.0,128,2048,4096,1,16143.365666666667,2479.2593333333334
662,64.0,128,2048,4096,4,62699.28166666666,2519.2716666666665
663,64.0,128,4096,256,1,661.7673333333333,4692.376333333333
664,64.0,128,4096,256,4,954.063,4766.038
665,64.0,128,4096,256,8,1185.3383333333334,4739.564
666,64.0,128,4096,256,16,1657.419,4761.922
667,64.0,128,4096,256,32,2646.268,4869.327333333333
668,64.0,128,4096,512,1,941.6206666666666,4753.422666666667
669,64.0,128,4096,512,4,1558.1116666666667,4764.274
670,64.0,128,4096,512,8,2413.602,4914.471
671,64.0,128,4096,512,16,4409.996666666667,4965.467666666667
672,64.0,128,4096,1024,1,1548.4093333333333,4847.304
673,64.0,128,4096,1024,4,4161.682,4968.635333333333
674,64.0,128,4096,1024,8,8237.741333333333,5045.651
675,64.0,128,4096,2048,1,4074.0413333333336,4953.587666666667
676,64.0,128,4096,2048,4,16000.433666666666,5114.639
677,64.0,128,4096,2048,8,31891.715333333334,5090.728
678,64.0,128,4096,4096,1,16134.476,5116.640333333333
679,64.0,128,4096,4096,4,62450.76933333334,5169.414333333333
680,64.0,256,256,256,1,106.37666666666667,744.771
681,64.0,256,256,256,4,316.2436666666667,762.17
682,64.0,256,256,256,8,594.8943333333334,762.3173333333334
683,64.0,256,256,256,16,1240.4786666666666,803.037
684,64.0,256,256,256,32,2440.838,790.1546666666666
685,64.0,256,256,512,1,280.9626666666667,757.1053333333334
686,64.0,256,256,512,4,1078.935,767.8366666666666
687,64.0,256,256,512,8,2167.5196666666666,788.3636666666666
688,64.0,256,256,512,16,4358.198333333333,775.1336666666666
689,64.0,256,256,1024,1,1078.7613333333334,775.2673333333333
690,64.0,256,256,1024,4,4129.435,780.4653333333333
691,64.0,256,256,1024,8,8209.303333333333,764.5626666666666
692,64.0,256,256,2048,1,4112.008666666667,783.085
693,64.0,256,256,2048,4,16170.133333333333,765.418
694,64.0,256,256,2048,8,32221.875666666667,765.1373333333333
695,64.0,256,256,4096,1,16227.116333333333,764.977
696,64.0,256,256,4096,4,63192.98166666667,803.559
697,64.0,256,512,256,1,157.15966666666665,1328.212
698,64.0,256,512,256,4,395.919,1331.153
699,64.0,256,512,256,8,623.1993333333334,1341.3223333333333
700,64.0,256,512,256,16,1220.352,1374.3846666666668
701,64.0,256,512,256,32,2437.778,1375.6943333333334
702,64.0,256,512,512,1,374.49666666666667,1321.7443333333333
703,64.0,256,512,512,4,1090.963,1381.5613333333333
704,64.0,256,512,512,8,2163.8176666666664,1381.748
705,64.0,256,512,512,16,4360.524,1363.9746666666667
706,64.0,256,512,1024,1,1089.8003333333334,1382.336
707,64.0,256,512,1024,4,4147.489666666666,1378.6343333333332
708,64.0,256,512,1024,8,8260.955333333333,1353.497
709,64.0,256,512,2048,1,4957.691,1862.288
710,64.0,256,512,2048,4,19257.291,1820.9396666666667
711,64.0,256,512,2048,8,32625.519,1353.791
712,64.0,256,512,4096,1,16425.584333333332,1473.6383333333333
713,64.0,256,512,4096,4,69701.39633333332,2252.0866666666666
714,64.0,256,1024,256,1,225.83666666666664,2488.8283333333334
715,64.0,256,1024,256,4,572.055,2491.1936666666666
716,64.0,256,1024,256,8,816.5746666666666,2501.4166666666665
717,64.0,256,1024,256,16,1285.702,2527.7173333333335
718,64.0,256,1024,256,32,2437.8446666666664,2565.2163333333333
719,64.0,256,1024,512,1,534.2756666666667,2494.6946666666663
720,64.0,256,1024,512,4,1183.508,2524.63
721,64.0,256,1024,512,8,2179.7606666666666,2578.2463333333335
722,64.0,256,1024,512,16,4365.495333333333,2573.6756666666665
723,64.0,256,1024,1024,1,1175.316,2524.2293333333337
724,64.0,256,1024,1024,4,4129.181333333334,2581.146
725,64.0,256,1024,1024,8,8242.820666666667,2567.6616666666664
726,64.0,256,1024,2048,1,4091.776,2587.227
727,64.0,256,1024,2048,4,16013.294,2575.0386666666664
728,64.0,256,1024,2048,8,31984.425,2599.321
729,64.0,256,1024,4096,1,16297.009666666667,2567.1006666666667
730,64.0,256,1024,4096,4,63527.118,2615.4383333333335
731,64.0,256,2048,256,1,331.7323333333333,4770.823333333333
732,64.0,256,2048,256,4,957.07,4767.762666666667
733,64.0,256,2048,256,8,1188.9206666666666,4828.234666666667
734,64.0,256,2048,256,16,1665.865,4857.033666666667
735,64.0,256,2048,256,32,2622.6543333333334,4940.665333333333
736,64.0,256,2048,512,1,768.7593333333334,4770.783
737,64.0,256,2048,512,4,1567.1593333333333,4851.688666666667
738,64.0,256,2048,512,8,2441.199,4979.540666666667
739,64.0,256,2048,512,16,4398.865666666667,5059.524333333333
740,64.0,256,2048,1024,1,1565.676,4822.862666666667
741,64.0,256,2048,1024,4,4906.694,5829.005
742,64.0,256,2048,1024,8,8294.285333333333,5079.823333333333
743,64.0,256,2048,2048,1,4107.4783333333335,5087.133666666667
744,64.0,256,2048,2048,4,15966.373666666666,5088.523666666667
745,64.0,256,2048,2048,8,31846.925,5147.725666666667
746,64.0,256,2048,4096,1,16118.936666666666,5098.880333333333
747,64.0,256,2048,4096,4,62746.02766666666,5293.873333333333
748,64.0,256,4096,256,1,650.007,9394.949
749,64.0,256,4096,256,4,1737.5353333333333,9425.111333333334
750,64.0,256,4096,256,8,1990.5946666666669,9465.710666666666
751,64.0,256,4096,256,16,2500.588,9539.774333333335
752,64.0,256,4096,256,32,3504.8726666666666,9639.963
753,64.0,256,4096,512,1,1351.6256666666668,9415.075333333334
754,64.0,256,4096,512,4,2371.359,9518.205
755,64.0,256,4096,512,8,3280.0246666666667,9653.835666666666
756,64.0,256,4096,512,16,5082.455333333333,9802.161666666667
757,64.0,256,4096,1024,1,2357.1133333333337,9526.945
758,64.0,256,4096,1024,4,4931.764,9823.877666666665
759,64.0,256,4096,1024,8,8335.899333333333,9943.899333333335
760,64.0,256,4096,2048,1,4885.725666666667,9786.178666666667
761,64.0,256,4096,2048,4,15984.934333333335,10015.008333333333
762,64.0,256,4096,2048,8,31899.855333333333,10157.748333333335
763,64.0,256,4096,4096,1,16118.266333333335,10003.355
764,64.0,256,4096,4096,4,62501.36666666666,10262.588666666667
765,64.0,512,256,256,1,119.20633333333333,1500.1793333333333
766,64.0,512,256,256,4,416.54,1514.96
767,64.0,512,256,256,8,647.936,1512.982
768,64.0,512,256,256,16,1227.4483333333333,1555.5193333333332
769,64.0,512,256,256,32,2426.138,1550.4946666666667
770,64.0,512,256,512,1,322.27066666666667,1503.6406666666667
771,64.0,512,256,512,4,1077.746,1521.5883333333334
772,64.0,512,256,512,8,2168.388,1556.5883333333334
773,64.0,512,256,512,16,4356.982,1556.6553333333331
774,64.0,512,256,1024,1,1078.04,1538.868
775,64.0,512,256,1024,4,4118.156,1558.058
776,64.0,512,256,1024,8,8203.904666666667,1528.11
777,64.0,512,256,2048,1,4133.939,1906.4956666666667
778,64.0,512,256,2048,4,16268.637333333334,1755.3493333333333
779,64.0,512,256,2048,8,32440.70766666667,1755.7373333333333
780,64.0,512,256,4096,1,16452.592333333334,3269.7213333333334
781,64.0,512,256,4096,4,63761.45333333334,3401.3293333333336
782,64.0,512,512,256,1,217.12333333333333,3297.385
783,64.0,512,512,256,4,563.449,2643.4216666666666
784,64.0,512,512,256,8,848.0876666666667,2651.9876666666664
785,64.0,512,512,256,16,1317.8016666666667,2690.1156666666666
786,64.0,512,512,256,32,2449.1373333333336,2748.0876666666663
787,64.0,512,512,512,1,402.2936666666667,2649.3823333333335
788,64.0,512,512,512,4,1217.025,2695.835
789,64.0,512,512,512,8,2164.8196666666663,2736.127
790,64.0,512,512,512,16,4361.379333333333,2746.4973333333337
791,64.0,512,512,1024,1,1793.303,4526.984666666667
792,64.0,512,512,1024,4,4143.267,2758.6053333333334
793,64.0,512,512,1024,8,8237.689,2734.457
794,64.0,512,512,2048,1,4096.119333333333,2764.4856666666665
795,64.0,512,512,2048,4,16176.347,2751.469
796,64.0,512,512,2048,8,32358.81466666667,2772.1833333333334
797,64.0,512,512,4096,1,16569.312666666665,4204.714333333333
798,64.0,512,512,4096,4,63451.812666666665,4369.972333333333
799,64.0,512,1024,256,1,224.607,4938.099
800,64.0,512,1024,256,4,817.1763333333333,4935.947333333333
801,64.0,512,1024,256,8,1228.3173333333332,4915.821
802,64.0,512,1024,256,16,1696.9363333333333,4995.243333333333
803,64.0,512,1024,256,32,2675.6823333333336,5127.706
804,64.0,512,1024,512,1,519.682,4924.855666666667
805,64.0,512,1024,512,4,1602.1993333333332,4986.931
806,64.0,512,1024,512,8,2455.9796666666666,5116.988
807,64.0,512,1024,512,16,4360.056333333333,5196.691
808,64.0,512,1024,1024,1,1423.6843333333331,4968.528333333333
809,64.0,512,1024,1024,4,4139.792333333334,5193.777
810,64.0,512,1024,1024,8,8230.418333333333,5221.293666666667
811,64.0,512,1024,2048,1,4101.611333333333,5241.058666666667
812,64.0,512,1024,2048,4,15981.019666666665,5246.672
813,64.0,512,1024,2048,8,31952.417666666668,5362.456666666667
814,64.0,512,1024,4096,1,16325.581666666667,5306.101
815,64.0,512,1024,4096,4,63735.447,5505.464
816,64.0,512,2048,256,1,331.29133333333334,9591.827666666666
817,64.0,512,2048,256,4,1315.9843333333333,9575.951333333334
818,64.0,512,2048,256,8,2001.4463333333333,9640.326
819,64.0,512,2048,256,16,2515.663,9688.556
820,64.0,512,2048,256,32,3528.3533333333335,9843.697333333334
821,64.0,512,2048,512,1,784.1943333333334,9554.181333333334
822,64.0,512,2048,512,4,2422.476,9701.157333333334
823,64.0,512,2048,512,8,3310.8956666666663,9791.618333333334
824,64.0,512,2048,512,16,5107.767,9947.000333333333
825,64.0,512,2048,1024,1,1958.7086666666667,9634.832666666665
826,64.0,512,2048,1024,4,4939.114666666667,9960.404333333334
827,64.0,512,2048,1024,8,8299.965,10055.328
828,64.0,512,2048,2048,1,4886.14,9951.971333333335
829,64.0,512,2048,2048,4,15968.872666666666,10143.903666666665
830,64.0,512,2048,2048,8,31934.751333333334,10328.807
831,64.0,512,2048,4096,1,16109.741333333333,10156.399666666666
832,64.0,512,2048,4096,4,62702.01766666667,10508.351
833,64.0,512,4096,256,1,644.9426666666666,18856.732
834,64.0,512,4096,256,4,2495.1493333333333,18978.677666666666
835,64.0,512,4096,256,8,3692.2216666666664,18911.016333333333
836,64.0,512,4096,256,16,4237.161666666667,19069.11133333333
837,64.0,512,4096,256,32,5259.955333333333,19025.732666666667
838,64.0,512,4096,512,1,1348.3256666666668,18888.11033333333
839,64.0,512,4096,512,4,4048.129,18914.59766666667
840,64.0,512,4096,512,8,5032.488333333333,19131.03933333333
841,64.0,512,4096,512,16,6785.539,19199.583
842,64.0,512,4096,1024,1,3190.754,19067.788333333334
843,64.0,512,4096,1024,4,6734.382,19294.987666666668
844,64.0,512,4096,1024,8,9962.581666666667,19447.657
845,64.0,512,4096,2048,1,6677.946333333333,19229.77233333333
846,64.0,512,4096,2048,4,16135.185,19866.509
847,64.0,512,4096,2048,8,31921.131,19974.075
848,64.0,512,4096,4096,1,16235.534333333333,19804.701
849,64.0,512,4096,4096,4,62605.379,20233.322
850,128.0,32,256,256,1,119.44666666666667,51.651
851,128.0,32,256,256,4,420.66966666666667,52.092666666666666
852,128.0,32,256,256,8,842.5013333333334,51.91866666666667
853,128.0,32,256,256,16,1675.9276666666667,52.066
854,128.0,32,256,256,32,3374.5746666666664,52.413
855,128.0,32,256,512,1,397.416,51.959
856,128.0,32,256,512,4,1482.0176666666669,51.77166666666666
857,128.0,32,256,512,8,2987.5163333333335,51.745
858,128.0,32,256,512,16,6059.518666666667,51.998333333333335
859,128.0,32,256,1024,1,1456.827,62.342333333333336
860,128.0,32,256,1024,4,5761.262666666667,51.678
861,128.0,32,256,1024,8,12102.358666666665,52.186
862,128.0,32,256,2048,1,6015.912,51.370666666666665
863,128.0,32,256,2048,4,23474.25933333333,51.89233333333333
864,128.0,32,256,2048,8,46361.165,52.106
865,128.0,32,256,4096,1,26499.33133333333,64.93533333333333
866,128.0,32,256,4096,4,91045.912,52.293
867,128.0,32,512,256,1,119.36633333333333,91.30233333333332
868,128.0,32,512,256,4,553.6936666666667,122.868
869,128.0,32,512,256,8,845.4413333333333,92.211
870,128.0,32,512,256,16,2673.611,141.43033333333335
871,128.0,32,512,256,32,5351.834,146.46833333333333
872,128.0,32,512,512,1,397.737,91.75666666666667
873,128.0,32,512,512,4,1491.3593333333333,91.80966666666667
874,128.0,32,512,512,8,3000.519,94.61633333333333
875,128.0,32,512,512,16,6021.418333333333,91.67633333333333
876,128.0,32,512,1024,1,1469.4693333333332,92.104
877,128.0,32,512,1024,4,5740.535666666667,91.556
878,128.0,32,512,1024,8,11418.635666666665,91.516
879,128.0,32,512,2048,1,5667.155666666667,91.115
880,128.0,32,512,2048,4,22044.968666666668,91.596
881,128.0,32,512,2048,8,43751.75,92.23733333333332
882,128.0,32,512,4096,1,22239.146666666667,91.67666666666668
883,128.0,32,512,4096,4,85637.78866666667,92.051
884,128.0,32,1024,256,1,119.634,171.44566666666665
885,128.0,32,1024,256,4,421.33733333333333,171.81966666666665
886,128.0,32,1024,256,8,843.6506666666667,171.72633333333334
887,128.0,32,1024,256,16,1674.6186666666667,172.68833333333333
888,128.0,32,1024,256,32,3388.5143333333335,172.91533333333334
889,128.0,32,1024,512,1,398.9796666666667,172.35433333333333
890,128.0,32,1024,512,4,1496.8653333333332,173.86433333333335
891,128.0,32,1024,512,8,3003.794,172.42133333333334
892,128.0,32,1024,512,16,6057.328,172.02033333333335
893,128.0,32,1024,1024,1,1456.2396666666668,184.529
894,128.0,32,1024,1024,4,5714.570666666667,171.63233333333335
895,128.0,32,1024,1024,8,11439.107,171.52566666666667
896,128.0,32,1024,2048,1,5701.285333333333,171.27233333333334
897,128.0,32,1024,2048,4,22087.93866666667,171.753
898,128.0,32,1024,2048,8,43832.82666666667,171.927
899,128.0,32,1024,4096,1,22230.43866666667,171.73966666666666
900,128.0,32,1024,4096,4,85732.218,172.16733333333335
901,128.0,32,2048,256,1,120.31533333333333,328.69866666666667
902,128.0,32,2048,256,4,422.2056666666667,331.8123333333333
903,128.0,32,2048,256,8,842.4876666666667,331.8123333333333
904,128.0,32,2048,256,16,1678.6933333333332,336.8906666666667
905,128.0,32,2048,256,32,3403.0783333333334,333.67
906,128.0,32,2048,512,1,399.086,332.52066666666667
907,128.0,32,2048,512,4,1496.7176666666667,347.729
908,128.0,32,2048,512,8,3001.9473333333335,336.2223333333333
909,128.0,32,2048,512,16,6062.321666666667,332.1203333333333
910,128.0,32,2048,1024,1,1467.5306666666668,345.10966666666667
911,128.0,32,2048,1024,4,5707.029,331.8523333333333
912,128.0,32,2048,1024,8,11420.365666666667,331.91966666666667
913,128.0,32,2048,2048,1,5675.53,331.3316666666667
914,128.0,32,2048,2048,4,22141.024666666668,332.16
915,128.0,32,2048,2048,8,43863.02333333334,332.2933333333333
916,128.0,32,2048,4096,1,22230.362,331.358
917,128.0,32,2048,4096,4,85724.256,332.4133333333333
918,128.0,32,4096,256,1,189.5,643.5256666666667
919,128.0,32,4096,256,4,424.117,648.845
920,128.0,32,4096,256,8,845.201,652.533
921,128.0,32,4096,256,16,1686.1383333333333,670.227
922,128.0,32,4096,256,32,3393.2443333333335,653.9496666666666
923,128.0,32,4096,512,1,402.013,648.39
924,128.0,32,4096,512,4,1495.5953333333332,673.3276666666666
925,128.0,32,4096,512,8,2999.9706666666666,658.1993333333334
926,128.0,32,4096,512,16,6057.634,652.4396666666667
927,128.0,32,4096,1024,1,1479.5183333333332,674.7976666666666
928,128.0,32,4096,1024,4,5760.594666666667,651.7716666666666
929,128.0,32,4096,1024,8,11436.862333333334,651.985
930,128.0,32,4096,2048,1,5725.394,652.0116666666667
931,128.0,32,4096,2048,4,22150.22866666667,652.5463333333333
932,128.0,32,4096,2048,8,43896.725333333336,652.9873333333334
933,128.0,32,4096,4096,1,22291.422333333332,652.373
934,128.0,32,4096,4096,4,85863.649,653.1883333333334
935,128.0,64,256,256,1,121.05033333333333,87.43966666666667
936,128.0,64,256,256,4,420.5353333333333,86.451
937,128.0,64,256,256,8,843.0623333333334,86.67833333333333
938,128.0,64,256,256,16,1697.7913333333333,89.36466666666666
939,128.0,64,256,256,32,3557.0993333333336,89.97933333333333
940,128.0,64,256,512,1,397.363,86.799
941,128.0,64,256,512,4,1513.3293333333334,88.54933333333332
942,128.0,64,256,512,8,3106.2543333333333,93.84166666666667
943,128.0,64,256,512,16,6452.484666666667,86.81233333333333
944,128.0,64,256,1024,1,1474.9613333333332,87.587
945,128.0,64,256,1024,4,6124.680666666667,86.89233333333333
946,128.0,64,256,1024,8,12035.393,86.46466666666667
947,128.0,64,256,2048,1,6030.533,86.27766666666668
948,128.0,64,256,2048,4,23407.736666666668,86.384
949,128.0,64,256,2048,8,46218.105,86.919
950,128.0,64,256,4096,1,23493.411666666667,86.42466666666667
951,128.0,64,256,4096,4,90633.979,86.93233333333333
952,128.0,64,512,256,1,119.63366666666667,153.72533333333334
953,128.0,64,512,256,4,420.883,153.832
954,128.0,64,512,256,8,824.0453333333334,165.512
955,128.0,64,512,256,16,1677.305,165.539
956,128.0,64,512,256,32,3365.0473333333334,154.43333333333334
957,128.0,64,512,512,1,397.6033333333333,153.872
958,128.0,64,512,512,4,1488.6736666666668,154.407
959,128.0,64,512,512,8,3016.2086666666664,157.654
960,128.0,64,512,512,16,6066.696,154.31333333333333
961,128.0,64,512,1024,1,1466.1283333333333,153.939
962,128.0,64,512,1024,4,5737.449666666667,154.00633333333334
963,128.0,64,512,1024,8,11414.027333333333,154.15266666666665
964,128.0,64,512,2048,1,5675.388,153.36433333333335
965,128.0,64,512,2048,4,22106.950666666668,153.80566666666667
966,128.0,64,512,2048,8,43826.10733333333,154.714
967,128.0,64,512,4096,1,22215.118333333332,153.91233333333335
968,128.0,64,512,4096,4,85656.94166666667,154.16633333333334
969,128.0,64,1024,256,1,120.70266666666667,285.29266666666666
970,128.0,64,1024,256,4,421.8316666666667,287.8586666666667
971,128.0,64,1024,256,8,843.33,287.912
972,128.0,64,1024,256,16,1680.9396666666667,293.445
973,128.0,64,1024,256,32,3396.1706666666664,289.235
974,128.0,64,1024,512,1,398.28433333333334,287.177
975,128.0,64,1024,512,4,1490.571,303.1466666666667
976,128.0,64,1024,512,8,3002.1223333333337,289.72933333333333
977,128.0,64,1024,512,16,6035.048666666667,287.351
978,128.0,64,1024,1024,1,1465.794,300.1936666666667
979,128.0,64,1024,1024,4,5751.881333333333,288.1526666666667
980,128.0,64,1024,1024,8,11419.302666666666,287.2443333333333
981,128.0,64,1024,2048,1,5704.706666666667,286.7096666666667
982,128.0,64,1024,2048,4,22127.070666666667,287.88533333333334
983,128.0,64,1024,2048,8,43882.437666666665,288.2863333333333
984,128.0,64,1024,4096,1,22254.50966666667,287.7916666666667
985,128.0,64,1024,4096,4,85705.01766666667,287.68466666666666
986,128.0,64,2048,256,1,192.60066666666665,547.9603333333333
987,128.0,64,2048,256,4,427.966,557.5156666666667
988,128.0,64,2048,256,8,845.855,554.6556666666667
989,128.0,64,2048,256,16,1698.3256666666668,575.8773333333334
990,128.0,64,2048,256,32,3380.3596666666667,556.5126666666666
991,128.0,64,2048,512,1,402.7883333333333,553.0783333333334
992,128.0,64,2048,512,4,1504.375,575.209
993,128.0,64,2048,512,8,3005.0613333333336,561.5783333333334
994,128.0,64,2048,512,16,6068.269333333333,554.3346666666666
995,128.0,64,2048,1024,1,1478.6493333333333,574.4343333333334
996,128.0,64,2048,1024,4,5744.394666666667,553.9476666666666
997,128.0,64,2048,1024,8,11407.777666666667,554.5623333333334
998,128.0,64,2048,2048,1,5706.054,553.7866666666666
999,128.0,64,2048,2048,4,22111.27733333333,554.8426666666667
1000,128.0,64,2048,2048,8,43837.212,555.3773333333334
1001,128.0,64,2048,4096,1,22293.56333333333,554.6956666666666
1002,128.0,64,2048,4096,4,85738.30033333333,555.9653333333333
1003,128.0,64,4096,256,1,368.69666666666666,1092.874
1004,128.0,64,4096,256,4,568.0866666666666,1099.0083333333332
1005,128.0,64,4096,256,8,872.2496666666666,1125.1613333333332
1006,128.0,64,4096,256,16,1702.7496666666668,1124.667
1007,128.0,64,4096,256,32,3414.8143333333337,1092.9676666666667
1008,128.0,64,4096,512,1,552.4373333333334,1098.3533333333332
1009,128.0,64,4096,512,4,1511.365,1139.113
1010,128.0,64,4096,512,8,3039.1276666666663,1107.1466666666668
1011,128.0,64,4096,512,16,6076.1703333333335,1089.533
1012,128.0,64,4096,1024,1,1488.513,1120.511
1013,128.0,64,4096,1024,4,5782.310666666667,1090.99
1014,128.0,64,4096,1024,8,11442.142,1089.1853333333333
1015,128.0,64,4096,2048,1,5689.364666666667,1090.442
1016,128.0,64,4096,2048,4,22160.869,1090.7086666666667
1017,128.0,64,4096,2048,8,43955.64566666666,1090.1076666666668
1018,128.0,64,4096,4096,1,22282.733333333334,1089.2256666666667
1019,128.0,64,4096,4096,4,85801.85233333333,1089.947
1020,128.0,128,256,256,1,119.58066666666667,173.009
1021,128.0,128,256,256,4,422.113,173.82466666666664
1022,128.0,128,256,256,8,845.187,173.70433333333335
1023,128.0,128,256,256,16,1706.505,194.606
1024,128.0,128,256,256,32,4810.086333333333,227.21266666666665
1025,128.0,128,256,512,1,398.56533333333334,173.691
1026,128.0,128,256,512,4,1534.1906666666669,190.62266666666665
1027,128.0,128,256,512,8,3129.6813333333334,188.31066666666666
1028,128.0,128,256,512,16,6464.726666666667,174.49266666666665
1029,128.0,128,256,1024,1,1482.3653333333332,194.61866666666666
1030,128.0,128,256,1024,4,6150.647333333333,174.092
1031,128.0,128,256,1024,8,12113.104333333335,174.01166666666666
1032,128.0,128,256,2048,1,6296.588333333333,174.61266666666666
1033,128.0,128,256,2048,4,23776.032,174.38566666666665
1034,128.0,128,256,2048,8,57767.02533333334,389.49133333333333
1035,128.0,128,256,4096,1,28266.441333333332,267.278
1036,128.0,128,256,4096,4,91216.09566666668,174.57266666666666
1037,128.0,128,512,256,1,120.36866666666667,304.283
1038,128.0,128,512,256,4,422.36633333333333,307.3433333333333
1039,128.0,128,512,256,8,837.931,306.5946666666667
1040,128.0,128,512,256,16,1685.4033333333332,326.2663333333333
1041,128.0,128,512,256,32,3378.6913333333337,308.1313333333333
1042,128.0,128,512,512,1,399.2866666666667,307.9046666666667
1043,128.0,128,512,512,4,1495.5153333333333,311.4593333333333
1044,128.0,128,512,512,8,3004.6356666666666,313.7713333333333
1045,128.0,128,512,512,16,6042.975666666667,307.357
1046,128.0,128,512,1024,1,1469.8573333333331,315.749
1047,128.0,128,512,1024,4,5759.125666666667,307.9313333333333
1048,128.0,128,512,1024,8,11425.733333333334,307.4903333333333
1049,128.0,128,512,2048,1,5706.538666666667,307.49
1050,128.0,128,512,2048,4,22196.902,308.7866666666667
1051,128.0,128,512,2048,8,44044.96533333333,308.53266666666667
1052,128.0,128,512,4096,1,22319.422,336.6503333333333
1053,128.0,128,512,4096,4,85820.20133333333,321.1876666666667
1054,128.0,128,1024,256,1,193.068,567.0306666666667
1055,128.0,128,1024,256,4,424.5043333333333,572.9773333333334
1056,128.0,128,1024,256,8,841.164,573.8056666666666
1057,128.0,128,1024,256,16,1671.3033333333333,586.4753333333334
1058,128.0,128,1024,256,32,3403.9203333333335,576.639
1059,128.0,128,1024,512,1,402.267,572.67
1060,128.0,128,1024,512,4,1502.6506666666667,593.7316666666667
1061,128.0,128,1024,512,8,3019.6546666666663,576.4516666666666
1062,128.0,128,1024,512,16,6087.366333333333,575.9043333333334
1063,128.0,128,1024,1024,1,1476.404,592.1143333333333
1064,128.0,128,1024,1024,4,5756.262,575.7033333333334
1065,128.0,128,1024,1024,8,11422.865666666667,575.0623333333334
1066,128.0,128,1024,2048,1,5687.879,574.247
1067,128.0,128,1024,2048,4,22122.878,576.1583333333334
1068,128.0,128,1024,2048,8,43889.71466666667,576.492
1069,128.0,128,1024,4096,1,22425.477,739.8793333333334
1070,128.0,128,1024,4096,4,86285.35866666667,731.1396666666666
1071,128.0,128,2048,256,1,344.8553333333333,1113.1466666666668
1072,128.0,128,2048,256,4,570.7723333333333,1117.7173333333333
1073,128.0,128,2048,256,8,860.4353333333333,1142.0663333333332
1074,128.0,128,2048,256,16,1691.0153333333333,1123.985
1075,128.0,128,2048,256,32,3414.9863333333333,1114.2156666666667
1076,128.0,128,2048,512,1,543.5236666666666,1107.36
1077,128.0,128,2048,512,4,1519.5966666666668,1155.6036666666666
1078,128.0,128,2048,512,8,3027.9673333333335,1117.089
1079,128.0,128,2048,512,16,6089.585333333333,1109.8453333333332
1080,128.0,128,2048,1024,1,1481.282,1155.403
1081,128.0,128,2048,1024,4,5732.394666666667,1110.354
1082,128.0,128,2048,1024,8,11438.128666666666,1109.7923333333333
1083,128.0,128,2048,2048,1,5718.456333333333,1109.632
1084,128.0,128,2048,2048,4,22135.89733333333,1110.7276666666667
1085,128.0,128,2048,2048,8,43862.09766666666,1112.0906666666667
1086,128.0,128,2048,4096,1,22296.892333333333,1235.0256666666667
1087,128.0,128,2048,4096,4,85818.96766666668,1247.521
1088,128.0,128,4096,256,1,648.016,2164.5793333333336
1089,128.0,128,4096,256,4,964.821,2171.9166666666665
1090,128.0,128,4096,256,8,1203.9683333333332,2186.777
1091,128.0,128,4096,256,16,1703.685,2206.2886666666664
1092,128.0,128,4096,256,32,3431.0773333333336,2212.075
1093,128.0,128,4096,512,1,949.7463333333334,2172.5446666666667
1094,128.0,128,4096,512,4,1616.94,2216.5386666666664
1095,128.0,128,4096,512,8,3041.2386666666666,2223.688
1096,128.0,128,4096,512,16,6103.980666666667,2194.0606666666663
1097,128.0,128,4096,1024,1,1592.9113333333332,2220.788
1098,128.0,128,4096,1024,4,5772.822333333333,2199.0586666666663
1099,128.0,128,4096,1024,8,11475.711333333335,2199.9003333333335
1100,128.0,128,4096,2048,1,5698.746333333333,2196.172
1101,128.0,128,4096,2048,4,22154.42566666667,2206.9166666666665
1102,128.0,128,4096,2048,8,43873.975666666665,2228.031
1103,128.0,128,4096,4096,1,22319.63,2214.1593333333335
1104,128.0,128,4096,4096,4,85776.82733333333,2215.8033333333333
1105,128.0,256,256,256,1,121.71833333333333,359.6093333333333
1106,128.0,256,256,256,4,677.8313333333334,570.185
1107,128.0,256,256,256,8,847.4726666666667,365.998
1108,128.0,256,256,256,16,2358.2496666666666,482.1963333333333
1109,128.0,256,256,256,32,3673.0733333333333,366.519
1110,128.0,256,256,512,1,403.51,351.003
1111,128.0,256,256,512,4,1483.6216666666667,358.607
1112,128.0,256,256,512,8,2998.595,350.3086666666667
1113,128.0,256,256,512,16,6039.379666666667,349.694
1114,128.0,256,256,1024,1,1476.1513333333332,352.233
1115,128.0,256,256,1024,4,5785.959333333333,349.239
1116,128.0,256,256,1024,8,11434.511333333334,349.52
1117,128.0,256,256,2048,1,5715.785333333333,458.2216666666667
1118,128.0,256,256,2048,4,22357.76,452.315
1119,128.0,256,256,2048,8,44122.269,458.823
1120,128.0,256,256,4096,1,22467.237666666668,748.3123333333334
1121,128.0,256,256,4096,4,86289.43733333334,673.902
1122,128.0,256,512,256,1,160.79433333333336,606.7883333333334
1123,128.0,256,512,256,4,424.4513333333333,612.1606666666667
1124,128.0,256,512,256,8,846.2033333333334,630.5226666666666
1125,128.0,256,512,256,16,1681.1543333333332,630.0286666666666
1126,128.0,256,512,256,32,3400.7033333333334,617.9876666666667
1127,128.0,256,512,512,1,401.9063333333333,613.1233333333333
1128,128.0,256,512,512,4,1491.7873333333332,634.4786666666666
1129,128.0,256,512,512,8,3000.0926666666664,620.7276666666667
1130,128.0,256,512,512,16,6486.045,615.983
1131,128.0,256,512,1024,1,1534.5386666666668,659.5096666666666
1132,128.0,256,512,1024,4,7574.002,859.1666666666666
1133,128.0,256,512,1024,8,12381.979333333335,616.1033333333334
1134,128.0,256,512,2048,1,6231.328333333333,939.6173333333334
1135,128.0,256,512,2048,4,28154.103333333333,1160.5093333333332
1136,128.0,256,512,2048,8,47622.486333333334,892.2553333333334
1137,128.0,256,512,4096,1,24044.750333333333,1560.7186666666666
1138,128.0,256,512,4096,4,86799.923,1539.8443333333332
1139,128.0,256,1024,256,1,227.31966666666665,1152.9846666666667
1140,128.0,256,1024,256,4,577.8956666666667,1156.9533333333331
1141,128.0,256,1024,256,8,846.0953333333334,1175.9173333333333
1142,128.0,256,1024,256,16,1694.8776666666668,1175.6366666666668
1143,128.0,256,1024,256,32,3413.1816666666664,1153.011
1144,128.0,256,1024,512,1,530.507,1157.0473333333332
1145,128.0,256,1024,512,4,1511.0293333333332,1177.1193333333333
1146,128.0,256,1024,512,8,3034.1133333333337,1165.1453333333332
1147,128.0,256,1024,512,16,6065.875,1151.0596666666668
1148,128.0,256,1024,1024,1,1480.039,1181.7163333333333
1149,128.0,256,1024,1024,4,5711.637666666667,1150.792
1150,128.0,256,1024,1024,8,11415.150666666666,1150.899
1151,128.0,256,1024,2048,1,5710.716,1318.2823333333333
1152,128.0,256,1024,2048,4,22186.535333333333,1304.8783333333333
1153,128.0,256,1024,2048,8,43925.314666666665,1304.5176666666669
1154,128.0,256,1024,4096,1,22491.34,2210.443
1155,128.0,256,1024,4096,4,86778.578,2192.6556666666665
1156,128.0,256,2048,256,1,337.85266666666666,2207.103
1157,128.0,256,2048,256,4,971.7966666666666,2223.059
1158,128.0,256,2048,256,8,1210.7166666666667,2234.7126666666663
1159,128.0,256,2048,256,16,1713.4666666666667,2263.6456666666663
1160,128.0,256,2048,256,32,3424.1273333333334,2248.2633333333333
1161,128.0,256,2048,512,1,782.2956666666666,2216.0966666666664
1162,128.0,256,2048,512,4,1610.3246666666666,2259.369
1163,128.0,256,2048,512,8,3045.5276666666664,2262.3893333333335
1164,128.0,256,2048,512,16,6071.637666666667,2229.3536666666664
1165,128.0,256,2048,1024,1,1606.4616666666668,2257.485
1166,128.0,256,2048,1024,4,5753.67,2234.0576666666666
1167,128.0,256,2048,1024,8,11461.515333333335,2241.5553333333337
1168,128.0,256,2048,2048,1,5693.225,2226.6406666666667
1169,128.0,256,2048,2048,4,22146.267333333333,2251.3373333333334
1170,128.0,256,2048,2048,8,43901.078,2243.4123333333337
1171,128.0,256,2048,4096,1,22294.125333333333,2873.2266666666665
1172,128.0,256,2048,4096,4,85876.53866666667,2884.92
1173,128.0,256,4096,256,1,659.349,4328.958333333333
1174,128.0,256,4096,256,4,1745.701,4342.563
1175,128.0,256,4096,256,8,1996.5553333333332,4360.684333333333
1176,128.0,256,4096,256,16,2475.197,4408.313
1177,128.0,256,4096,256,32,3453.542,4462.250333333333
1178,128.0,256,4096,512,1,1346.829,4324.442333333333
1179,128.0,256,4096,512,4,2378.082,4426.355666666667
1180,128.0,256,4096,512,8,3274.1183333333333,4491.357666666667
1181,128.0,256,4096,512,16,6132.606333333333,4501.808
1182,128.0,256,4096,1024,1,2381.69,4446.134
1183,128.0,256,4096,1024,4,5809.159666666667,4503.652666666667
1184,128.0,256,4096,1024,8,11493.406666666666,4552.724666666667
1185,128.0,256,4096,2048,1,5720.423333333333,4496.422
1186,128.0,256,4096,2048,4,22175.47666666667,4613.636666666667
1187,128.0,256,4096,2048,8,43937.3,4684.973666666667
1188,128.0,256,4096,4096,1,22345.933666666668,4620.853666666667
1189,128.0,256,4096,4096,4,85713.61466666668,4666.037
1190,128.0,512,256,256,1,120.84966666666668,691.7026666666666
1191,128.0,512,256,256,4,424.331,697.8366666666666
1192,128.0,512,256,256,8,848.435,702.8346666666666
1193,128.0,512,256,256,16,1673.095,711.1206666666666
1194,128.0,512,256,256,32,3409.5213333333336,707.673
1195,128.0,512,256,512,1,400.28933333333333,695.685
1196,128.0,512,256,512,4,1496.1033333333332,719.847
1197,128.0,512,256,512,8,3006.6266666666666,708.6483333333334
1198,128.0,512,256,512,16,6062.151666666667,705.708
1199,128.0,512,256,1024,1,1484.8646666666668,1066.761
1200,128.0,512,256,1024,4,5708.542666666667,1046.2873333333334
1201,128.0,512,256,1024,8,11429.660333333333,1035.4896666666666
1202,128.0,512,256,2048,1,5727.038333333333,1806.373
1203,128.0,512,256,2048,4,22386.70633333333,1777.3603333333333
1204,128.0,512,256,2048,8,44317.301666666666,1765.894
1205,128.0,512,256,4096,1,22556.802333333333,3270.7643333333335
1206,128.0,512,256,4096,4,87071.68533333333,3465.8376666666663
1207,128.0,512,512,256,1,152.86966666666666,1230.4826666666668
1208,128.0,512,512,256,4,568.8083333333334,1232.3536666666666
1209,128.0,512,512,256,8,857.1753333333334,1251.5846666666666
1210,128.0,512,512,256,16,1687.382,1253.1743333333332
1211,128.0,512,512,256,32,3380.617,1244.929
1212,128.0,512,512,512,1,406.437,1226.246
1213,128.0,512,512,512,4,1513.1963333333333,1256.9166666666667
1214,128.0,512,512,512,8,3014.539,1245.8513333333333
1215,128.0,512,512,512,16,6059.708333333333,1244.635
1216,128.0,512,512,1024,1,1489.8896666666667,1305.4273333333333
1217,128.0,512,512,1024,4,5727.760666666667,1388.1766666666667
1218,128.0,512,512,1024,8,11412.997666666666,1402.4223333333332
1219,128.0,512,512,2048,1,5705.376333333333,2402.2576666666664
1220,128.0,512,512,2048,4,22401.397,2270.008
1221,128.0,512,512,2048,8,44327.787,2369.796
1222,128.0,512,512,4096,1,22758.346666666668,4304.330333333333
1223,128.0,512,512,4096,4,86768.468,4357.104333333333
1224,128.0,512,1024,256,1,229.80566666666667,2298.4306666666666
1225,128.0,512,1024,256,4,830.139,2321.4703333333337
1226,128.0,512,1024,256,8,1273.5533333333333,2324.0226666666667
1227,128.0,512,1024,256,16,1724.7053333333333,2338.8033333333333
1228,128.0,512,1024,256,32,3408.557,2347.53
1229,128.0,512,1024,512,1,527.9946666666666,2306.9976666666666
1230,128.0,512,1024,512,4,1618.9566666666667,2347.0626666666667
1231,128.0,512,1024,512,8,3022.367,2356.056
1232,128.0,512,1024,512,16,6099.954,2342.2373333333335
1233,128.0,512,1024,1024,1,1480.0793333333334,2344.5233333333335
1234,128.0,512,1024,1024,4,5745.623333333333,2345.3383333333336
1235,128.0,512,1024,1024,8,11451.516,2349.4406666666664
1236,128.0,512,1024,2048,1,5720.218666666667,2985.603
1237,128.0,512,1024,2048,4,22178.709333333332,2965.7583333333337
1238,128.0,512,1024,2048,8,43976.21366666666,2959.1956666666665
1239,128.0,512,1024,4096,1,22593.980666666666,5341.285666666667
1240,128.0,512,1024,4096,4,86977.34466666667,5318.727
1241,128.0,512,2048,256,1,345.6976666666667,4438.260666666667
1242,128.0,512,2048,256,4,1312.1886666666667,4456.542666666667
1243,128.0,512,2048,256,8,1993.6276666666668,4487.667
1244,128.0,512,2048,256,16,2496.806,4550.397333333333
1245,128.0,512,2048,256,32,3470.6883333333335,4571.072666666667
1246,128.0,512,2048,512,1,778.0073333333333,4438.65
1247,128.0,512,2048,512,4,2416.7833333333333,4566.101333333333
1248,128.0,512,2048,512,8,3304.4543333333336,4613.717
1249,128.0,512,2048,512,16,6116.769666666667,4607.022
1250,128.0,512,2048,1024,1,1943.4466666666667,4515.8533333333335
1251,128.0,512,2048,1024,4,5784.181666666667,4608.812333333333
1252,128.0,512,2048,1024,8,11479.346666666666,4651.937666666667
1253,128.0,512,2048,2048,1,5726.075333333333,4647.754666666667
1254,128.0,512,2048,2048,4,22175.434,4746.821666666667
1255,128.0,512,2048,2048,8,43907.21233333334,4772.119333333333
1256,128.0,512,2048,4096,1,22366.418,6318.524333333333
1257,128.0,512,2048,4096,4,86098.071,6348.392666666667
1258,128.0,512,4096,256,1,650.502,8678.445
1259,128.0,512,4096,256,4,2470.2393333333334,8852.149333333335
1260,128.0,512,4096,256,8,3655.3783333333336,8775.802333333333
1261,128.0,512,4096,256,16,4186.473333333333,8879.158666666666
1262,128.0,512,4096,256,32,5212.499666666667,8980.041
1263,128.0,512,4096,512,1,1357.0786666666668,8832.919666666667
1264,128.0,512,4096,512,4,4113.319333333334,8868.908666666666
1265,128.0,512,4096,512,8,4939.262666666667,8949.306
1266,128.0,512,4096,512,16,6608.696,8974.563333333334
1267,128.0,512,4096,1024,1,3098.1696666666667,8869.443
1268,128.0,512,4096,1024,4,6524.437,8962.309
1269,128.0,512,4096,1024,8,11578.441666666666,9171.520666666665
1270,128.0,512,4096,2048,1,6542.518,9015.162666666665
1271,128.0,512,4096,2048,4,22219.512,9263.905666666666
1272,128.0,512,4096,2048,8,44004.842666666664,9273.835
1273,128.0,512,4096,4096,1,22386.587333333333,9279.487666666666
1274,128.0,512,4096,4096,4,85969.056,9368.304333333333
