,prefill_batch,prefill_len,decode_batch_size,decode_len,cu_mask,avg_duration_2d_us,avg_duration_3d_us,avg_duration_reduce_segment_us,avg_decode_duration_us,avg_duration_2d_us_baseline,avg_duration_3d_us_baseline,avg_duration_reduce_segment_us_baseline,avg_decode_duration_us_baseline
0,1,2048,1,1024,128.0,,9.702,4.663666666666667,14.365666666666666,,9.434333333333335,4.677333333333333,14.111666666666668
1,1,2048,1,1024,32.0,,9.074333333333334,4.837666666666666,13.911999999999999,,9.434333333333335,4.677333333333333,14.111666666666668
2,1,2048,1,1024,64.0,,9.421666666666667,5.332,14.753666666666668,,9.434333333333335,4.677333333333333,14.111666666666668
3,1,2048,1,1024,304.0,,9.434333333333335,4.677333333333333,14.111666666666668,,9.434333333333335,4.677333333333333,14.111666666666668
4,1,2048,1,2048,128.0,,13.043,4.463333333333333,17.50633333333333,,13.097000000000001,4.824666666666666,17.921666666666667
5,1,2048,1,2048,32.0,,12.575666666666669,4.289666666666666,16.865333333333336,,13.097000000000001,4.824666666666666,17.921666666666667
6,1,2048,1,2048,64.0,,13.270666666666665,4.610333333333333,17.881,,13.097000000000001,4.824666666666666,17.921666666666667
7,1,2048,1,2048,304.0,,13.097000000000001,4.824666666666666,17.921666666666667,,13.097000000000001,4.824666666666666,17.921666666666667
8,1,2048,1,256,128.0,,7.015999999999999,4.757333333333333,11.773333333333333,,7.216333333333334,4.998,12.214333333333334
9,1,2048,1,256,32.0,,6.241,4.036,10.277,,7.216333333333334,4.998,12.214333333333334
10,1,2048,1,256,64.0,,5.866666666666667,3.8753333333333333,9.742,,7.216333333333334,4.998,12.214333333333334
11,1,2048,1,256,304.0,,7.216333333333334,4.998,12.214333333333334,,7.216333333333334,4.998,12.214333333333334
12,1,2048,1,4096,128.0,,20.112666666666666,5.118666666666666,25.231333333333332,,20.072666666666667,4.998,25.070666666666668
13,1,2048,1,4096,32.0,,20.313000000000002,5.278333333333333,25.591333333333335,,20.072666666666667,4.998,25.070666666666668
14,1,2048,1,4096,64.0,,20.032666666666668,4.784,24.816666666666666,,20.072666666666667,4.998,25.070666666666668
15,1,2048,1,4096,304.0,,20.072666666666667,4.998,25.070666666666668,,20.072666666666667,4.998,25.070666666666668
16,1,2048,1,512,128.0,,7.069333333333334,4.931,12.000333333333334,,7.457333333333334,5.065,12.522333333333334
17,1,2048,1,512,32.0,,6.093666666666667,4.076333333333333,10.17,,7.457333333333334,5.065,12.522333333333334
18,1,2048,1,512,64.0,,6.267333333333333,3.8349999999999995,10.102333333333332,,7.457333333333334,5.065,12.522333333333334
19,1,2048,1,512,304.0,,7.457333333333334,5.065,12.522333333333334,,7.457333333333334,5.065,12.522333333333334
20,1,2048,128,1024,128.0,566.2953333333334,,,566.2953333333334,232.57233333333332,,,232.57233333333332
21,1,2048,128,1024,160.0,234.00166666666667,,,234.00166666666667,232.57233333333332,,,232.57233333333332
22,1,2048,128,1024,196.0,233.521,,,233.521,232.57233333333332,,,232.57233333333332
23,1,2048,128,1024,224.0,232.77233333333334,,,232.77233333333334,232.57233333333332,,,232.57233333333332
24,1,2048,128,1024,32.0,2479.848,,,2479.848,232.57233333333332,,,232.57233333333332
25,1,2048,128,1024,64.0,1255.032,,,1255.032,232.57233333333332,,,232.57233333333332
26,1,2048,128,1024,304.0,232.57233333333332,,,232.57233333333332,232.57233333333332,,,232.57233333333332
27,1,2048,128,2048,128.0,1110.9416666666666,,,1110.9416666666666,446.11366666666663,,,446.11366666666663
28,1,2048,128,2048,160.0,452.52866666666665,,,452.52866666666665,446.11366666666663,,,446.11366666666663
29,1,2048,128,2048,196.0,447.00933333333336,,,447.00933333333336,446.11366666666663,,,446.11366666666663
30,1,2048,128,2048,32.0,4791.083666666666,,,4791.083666666666,446.11366666666663,,,446.11366666666663
31,1,2048,128,2048,64.0,2380.3663333333334,,,2380.3663333333334,446.11366666666663,,,446.11366666666663
32,1,2048,128,2048,304.0,446.11366666666663,,,446.11366666666663,446.11366666666663,,,446.11366666666663
33,1,2048,128,256,128.0,306.9693333333333,,,306.9693333333333,73.02033333333333,,,73.02033333333333
34,1,2048,128,256,160.0,73.14066666666666,,,73.14066666666666,73.02033333333333,,,73.02033333333333
35,1,2048,128,256,196.0,71.87133333333333,,,71.87133333333333,73.02033333333333,,,73.02033333333333
36,1,2048,128,256,224.0,72.085,,,72.085,73.02033333333333,,,73.02033333333333
37,1,2048,128,256,32.0,754.7406666666667,,,754.7406666666667,73.02033333333333,,,73.02033333333333
38,1,2048,128,256,64.0,371.597,,,371.597,73.02033333333333,,,73.02033333333333
39,1,2048,128,256,304.0,73.02033333333333,,,73.02033333333333,73.02033333333333,,,73.02033333333333
40,1,2048,128,4096,128.0,2140.6446666666666,,,2140.6446666666666,897.734,,,897.734
41,1,2048,128,4096,160.0,892.4823333333334,,,892.4823333333334,897.734,,,897.734
42,1,2048,128,4096,196.0,877.7413333333334,,,877.7413333333334,897.734,,,897.734
43,1,2048,128,4096,32.0,9409.714999999998,,,9409.714999999998,897.734,,,897.734
44,1,2048,128,4096,64.0,4675.377666666666,,,4675.377666666666,897.734,,,897.734
45,1,2048,128,4096,304.0,897.734,,,897.734,897.734,,,897.734
46,1,2048,128,512,128.0,302.84,,,302.84,126.59666666666665,,,126.59666666666665
47,1,2048,128,512,160.0,126.63633333333333,,,126.63633333333333,126.59666666666665,,,126.59666666666665
48,1,2048,128,512,196.0,126.48933333333333,,,126.48933333333333,126.59666666666665,,,126.59666666666665
49,1,2048,128,512,224.0,126.02166666666666,,,126.02166666666666,126.59666666666665,,,126.59666666666665
50,1,2048,128,512,32.0,1319.072,,,1319.072,126.59666666666665,,,126.59666666666665
51,1,2048,128,512,64.0,658.1056666666667,,,658.1056666666667,126.59666666666665,,,126.59666666666665
52,1,2048,128,512,304.0,126.59666666666665,,,126.59666666666665,126.59666666666665,,,126.59666666666665
53,1,2048,16,1024,128.0,59.135333333333335,,,59.135333333333335,58.88166666666666,,,58.88166666666666
54,1,2048,16,1024,32.0,59.92366666666667,,,59.92366666666667,58.88166666666666,,,58.88166666666666
55,1,2048,16,1024,64.0,58.98866666666667,,,58.98866666666667,58.88166666666666,,,58.88166666666666
56,1,2048,16,1024,304.0,58.88166666666666,,,58.88166666666666,58.88166666666666,,,58.88166666666666
57,1,2048,16,2048,128.0,111.96266666666668,,,111.96266666666668,112.33666666666666,,,112.33666666666666
58,1,2048,16,2048,32.0,111.843,,,111.843,112.33666666666666,,,112.33666666666666
59,1,2048,16,2048,64.0,112.67133333333334,,,112.67133333333334,112.33666666666666,,,112.33666666666666
60,1,2048,16,2048,304.0,112.33666666666666,,,112.33666666666666,112.33666666666666,,,112.33666666666666
61,1,2048,16,256,128.0,19.484666666666666,,,19.484666666666666,19.418000000000003,,,19.418000000000003
62,1,2048,16,256,32.0,18.722333333333335,,,18.722333333333335,19.418000000000003,,,19.418000000000003
63,1,2048,16,256,64.0,19.645,,,19.645,19.418000000000003,,,19.418000000000003
64,1,2048,16,256,304.0,19.418000000000003,,,19.418000000000003,19.418000000000003,,,19.418000000000003
65,1,2048,16,4096,128.0,217.351,,,217.351,217.47133333333332,,,217.47133333333332
66,1,2048,16,4096,32.0,217.765,,,217.765,217.47133333333332,,,217.47133333333332
67,1,2048,16,4096,64.0,218.206,,,218.206,217.47133333333332,,,217.47133333333332
68,1,2048,16,4096,304.0,217.47133333333332,,,217.47133333333332,217.47133333333332,,,217.47133333333332
69,1,2048,16,512,128.0,32.220333333333336,,,32.220333333333336,33.156,,,33.156
70,1,2048,16,512,32.0,32.059999999999995,,,32.059999999999995,33.156,,,33.156
71,1,2048,16,512,64.0,32.38066666666666,,,32.38066666666666,33.156,,,33.156
72,1,2048,16,512,304.0,33.156,,,33.156,33.156,,,33.156
73,1,2048,256,1024,128.0,1143.215,,,1143.215,462.9793333333334,,,462.9793333333334
74,1,2048,256,1024,160.0,463.63433333333336,,,463.63433333333336,462.9793333333334,,,462.9793333333334
75,1,2048,256,1024,196.0,463.63433333333336,,,463.63433333333336,462.9793333333334,,,462.9793333333334
76,1,2048,256,1024,224.0,463.701,,,463.701,462.9793333333334,,,462.9793333333334
77,1,2048,256,1024,32.0,4924.374333333333,,,4924.374333333333,462.9793333333334,,,462.9793333333334
78,1,2048,256,1024,64.0,2466.377,,,2466.377,462.9793333333334,,,462.9793333333334
79,1,2048,256,1024,304.0,462.9793333333334,,,462.9793333333334,462.9793333333334,,,462.9793333333334
80,1,2048,256,2048,128.0,2180.0006666666663,,,2180.0006666666663,907.7703333333334,,,907.7703333333334
81,1,2048,256,2048,160.0,907.1556666666665,,,907.1556666666665,907.7703333333334,,,907.7703333333334
82,1,2048,256,2048,196.0,896.3706666666667,,,896.3706666666667,907.7703333333334,,,907.7703333333334
83,1,2048,256,2048,32.0,9512.915,,,9512.915,907.7703333333334,,,907.7703333333334
84,1,2048,256,2048,64.0,4766.866999999999,,,4766.866999999999,907.7703333333334,,,907.7703333333334
85,1,2048,256,2048,304.0,907.7703333333334,,,907.7703333333334,907.7703333333334,,,907.7703333333334
86,1,2048,256,256,128.0,341.9026666666667,,,341.9026666666667,142.08533333333335,,,142.08533333333335
87,1,2048,256,256,160.0,142.05866666666665,,,142.05866666666665,142.08533333333335,,,142.08533333333335
88,1,2048,256,256,196.0,143.28733333333332,,,143.28733333333332,142.08533333333335,,,142.08533333333335
89,1,2048,256,256,224.0,142.11233333333334,,,142.11233333333334,142.08533333333335,,,142.08533333333335
90,1,2048,256,256,32.0,1487.9779999999998,,,1487.9779999999998,142.08533333333335,,,142.08533333333335
91,1,2048,256,256,64.0,743.2073333333333,,,743.2073333333333,142.08533333333335,,,142.08533333333335
92,1,2048,256,256,304.0,142.08533333333335,,,142.08533333333335,142.08533333333335,,,142.08533333333335
93,1,2048,256,4096,128.0,4293.024,,,4293.024,1798.060666666667,,,1798.060666666667
94,1,2048,256,4096,160.0,1780.6346666666668,,,1780.6346666666668,1798.060666666667,,,1798.060666666667
95,1,2048,256,4096,196.0,1810.396,,,1810.396,1798.060666666667,,,1798.060666666667
96,1,2048,256,4096,32.0,18710.100000000002,,,18710.100000000002,1798.060666666667,,,1798.060666666667
97,1,2048,256,4096,64.0,9376.560666666666,,,9376.560666666666,1798.060666666667,,,1798.060666666667
98,1,2048,256,4096,304.0,1798.060666666667,,,1798.060666666667,1798.060666666667,,,1798.060666666667
99,1,2048,256,512,128.0,604.1696666666667,,,604.1696666666667,249.237,,,249.237
100,1,2048,256,512,160.0,248.30100000000002,,,248.30100000000002,249.237,,,249.237
101,1,2048,256,512,196.0,247.99433333333332,,,247.99433333333332,249.237,,,249.237
102,1,2048,256,512,224.0,249.18366666666668,,,249.18366666666668,249.237,,,249.237
103,1,2048,256,512,32.0,2621.1569999999997,,,2621.1569999999997,249.237,,,249.237
104,1,2048,256,512,64.0,1528.2703333333332,,,1528.2703333333332,249.237,,,249.237
105,1,2048,256,512,304.0,249.237,,,249.237,249.237,,,249.237
106,1,2048,32,1024,128.0,170.22966666666667,,,170.22966666666667,59.65633333333333,,,59.65633333333333
107,1,2048,32,1024,160.0,61.019666666666666,,,61.019666666666666,59.65633333333333,,,59.65633333333333
108,1,2048,32,1024,196.0,60.76533333333333,,,60.76533333333333,59.65633333333333,,,59.65633333333333
109,1,2048,32,1024,224.0,59.88399999999999,,,59.88399999999999,59.65633333333333,,,59.65633333333333
110,1,2048,32,1024,32.0,632.5403333333334,,,632.5403333333334,59.65633333333333,,,59.65633333333333
111,1,2048,32,1024,64.0,337.4253333333333,,,337.4253333333333,59.65633333333333,,,59.65633333333333
112,1,2048,32,1024,304.0,59.65633333333333,,,59.65633333333333,59.65633333333333,,,59.65633333333333
113,1,2048,32,2048,128.0,327.068,,,327.068,114.609,,,114.609
114,1,2048,32,2048,160.0,114.19466666666665,,,114.19466666666665,114.609,,,114.609
115,1,2048,32,2048,196.0,114.35466666666666,,,114.35466666666666,114.609,,,114.609
116,1,2048,32,2048,32.0,1245.53,,,1245.53,114.609,,,114.609
117,1,2048,32,2048,64.0,661.9409999999999,,,661.9409999999999,114.609,,,114.609
118,1,2048,32,2048,304.0,114.609,,,114.609,114.609,,,114.609
119,1,2048,32,256,128.0,51.26433333333333,,,51.26433333333333,20.219333333333335,,,20.219333333333335
120,1,2048,32,256,160.0,20.032666666666668,,,20.032666666666668,20.219333333333335,,,20.219333333333335
121,1,2048,32,256,196.0,19.872333333333334,,,19.872333333333334,20.219333333333335,,,20.219333333333335
122,1,2048,32,256,224.0,20.152666666666665,,,20.152666666666665,20.219333333333335,,,20.219333333333335
123,1,2048,32,256,32.0,189.87466666666668,,,189.87466666666668,20.219333333333335,,,20.219333333333335
124,1,2048,32,256,64.0,101.20466666666665,,,101.20466666666665,20.219333333333335,,,20.219333333333335
125,1,2048,32,256,304.0,20.219333333333335,,,20.219333333333335,20.219333333333335,,,20.219333333333335
126,1,2048,32,4096,128.0,653.1743333333333,,,653.1743333333333,221.02599999999998,,,221.02599999999998
127,1,2048,32,4096,160.0,220.932,,,220.932,221.02599999999998,,,221.02599999999998
128,1,2048,32,4096,196.0,221.26633333333334,,,221.26633333333334,221.02599999999998,,,221.02599999999998
129,1,2048,32,4096,32.0,2406.8799999999997,,,2406.8799999999997,221.02599999999998,,,221.02599999999998
130,1,2048,32,4096,64.0,1288.2546666666667,,,1288.2546666666667,221.02599999999998,,,221.02599999999998
131,1,2048,32,4096,304.0,221.02599999999998,,,221.02599999999998,221.02599999999998,,,221.02599999999998
132,1,2048,32,512,128.0,91.16866666666665,,,91.16866666666665,33.303333333333335,,,33.303333333333335
133,1,2048,32,512,160.0,33.904,,,33.904,33.303333333333335,,,33.303333333333335
134,1,2048,32,512,196.0,32.915666666666674,,,32.915666666666674,33.303333333333335,,,33.303333333333335
135,1,2048,32,512,224.0,33.73066666666667,,,33.73066666666667,33.303333333333335,,,33.303333333333335
136,1,2048,32,512,32.0,337.8533333333333,,,337.8533333333333,33.303333333333335,,,33.303333333333335
137,1,2048,32,512,64.0,179.49099999999999,,,179.49099999999999,33.303333333333335,,,33.303333333333335
138,1,2048,32,512,304.0,33.303333333333335,,,33.303333333333335,33.303333333333335,,,33.303333333333335
139,1,2048,512,1024,128.0,2275.3653333333336,,,2275.3653333333336,880.4276666666668,,,880.4276666666668
140,1,2048,512,1024,160.0,896.1976666666666,,,896.1976666666666,880.4276666666668,,,880.4276666666668
141,1,2048,512,1024,196.0,872.944,,,872.944,880.4276666666668,,,880.4276666666668
142,1,2048,512,1024,224.0,889.9429999999999,,,889.9429999999999,880.4276666666668,,,880.4276666666668
143,1,2048,512,1024,32.0,9836.588333333335,,,9836.588333333335,880.4276666666668,,,880.4276666666668
144,1,2048,512,1024,64.0,4915.794666666667,,,4915.794666666667,880.4276666666668,,,880.4276666666668
145,1,2048,512,1024,304.0,880.4276666666668,,,880.4276666666668,880.4276666666668,,,880.4276666666668
146,1,2048,512,2048,128.0,4400.375,,,4400.375,1740.2753333333333,,,1740.2753333333333
147,1,2048,512,2048,160.0,1722.1403333333335,,,1722.1403333333335,1740.2753333333333,,,1740.2753333333333
148,1,2048,512,2048,196.0,1719.7216666666666,,,1719.7216666666666,1740.2753333333333,,,1740.2753333333333
149,1,2048,512,2048,32.0,19081.555666666667,,,19081.555666666667,1740.2753333333333,,,1740.2753333333333
150,1,2048,512,2048,64.0,9515.572999999999,,,9515.572999999999,1740.2753333333333,,,1740.2753333333333
151,1,2048,512,2048,304.0,1740.2753333333333,,,1740.2753333333333,1740.2753333333333,,,1740.2753333333333
152,1,2048,512,256,128.0,689.0970000000001,,,689.0970000000001,265.0063333333333,,,265.0063333333333
153,1,2048,512,256,160.0,265.75466666666665,,,265.75466666666665,265.0063333333333,,,265.0063333333333
154,1,2048,512,256,196.0,265.88866666666667,,,265.88866666666667,265.0063333333333,,,265.0063333333333
155,1,2048,512,256,224.0,265.2333333333333,,,265.2333333333333,265.0063333333333,,,265.0063333333333
156,1,2048,512,256,32.0,2952.2083333333335,,,2952.2083333333335,265.0063333333333,,,265.0063333333333
157,1,2048,512,256,64.0,1487.0026666666665,,,1487.0026666666665,265.0063333333333,,,265.0063333333333
158,1,2048,512,256,304.0,265.0063333333333,,,265.0063333333333,265.0063333333333,,,265.0063333333333
159,1,2048,512,4096,128.0,8732.368666666667,,,8732.368666666667,3348.6083333333336,,,3348.6083333333336
160,1,2048,512,4096,160.0,3342.5823333333333,,,3342.5823333333333,3348.6083333333336,,,3348.6083333333336
161,1,2048,512,4096,196.0,3344.479333333333,,,3344.479333333333,3348.6083333333336,,,3348.6083333333336
162,1,2048,512,4096,32.0,37401.157666666666,,,37401.157666666666,3348.6083333333336,,,3348.6083333333336
163,1,2048,512,4096,64.0,18849.448,,,18849.448,3348.6083333333336,,,3348.6083333333336
164,1,2048,512,4096,304.0,3348.6083333333336,,,3348.6083333333336,3348.6083333333336,,,3348.6083333333336
165,1,2048,512,512,128.0,1227.863,,,1227.863,468.9266666666667,,,468.9266666666667
166,1,2048,512,512,160.0,467.22866666666664,,,467.22866666666664,468.9266666666667,,,468.9266666666667
167,1,2048,512,512,196.0,467.336,,,467.336,468.9266666666667,,,468.9266666666667
168,1,2048,512,512,224.0,467.79033333333336,,,467.79033333333336,468.9266666666667,,,468.9266666666667
169,1,2048,512,512,32.0,5252.1776666666665,,,5252.1776666666665,468.9266666666667,,,468.9266666666667
170,1,2048,512,512,64.0,2622.7076666666667,,,2622.7076666666667,468.9266666666667,,,468.9266666666667
171,1,2048,512,512,304.0,468.9266666666667,,,468.9266666666667,468.9266666666667,,,468.9266666666667
172,1,2048,64,1024,128.0,283.6223333333333,,,283.6223333333333,117.322,,,117.322
173,1,2048,64,1024,160.0,118.52466666666665,,,118.52466666666665,117.322,,,117.322
174,1,2048,64,1024,196.0,117.99033333333334,,,117.99033333333334,117.322,,,117.322
175,1,2048,64,1024,224.0,118.79166666666667,,,118.79166666666667,117.322,,,117.322
176,1,2048,64,1024,32.0,1269.01,,,1269.01,117.322,,,117.322
177,1,2048,64,1024,64.0,628.1846666666667,,,628.1846666666667,117.322,,,117.322
178,1,2048,64,1024,304.0,117.322,,,117.322,117.322,,,117.322
179,1,2048,64,2048,128.0,545.3006666666666,,,545.3006666666666,225.20866666666666,,,225.20866666666666
180,1,2048,64,2048,160.0,224.487,,,224.487,225.20866666666666,,,225.20866666666666
181,1,2048,64,2048,196.0,225.83666666666667,,,225.83666666666667,225.20866666666666,,,225.20866666666666
182,1,2048,64,2048,32.0,2414.445333333333,,,2414.445333333333,225.20866666666666,,,225.20866666666666
183,1,2048,64,2048,64.0,1213.2163333333335,,,1213.2163333333335,225.20866666666666,,,225.20866666666666
184,1,2048,64,2048,304.0,225.20866666666666,,,225.20866666666666,225.20866666666666,,,225.20866666666666
185,1,2048,64,256,128.0,86.13,,,86.13,37.793,,,37.793
186,1,2048,64,256,160.0,37.165,,,37.165,37.793,,,37.793
187,1,2048,64,256,196.0,37.44566666666666,,,37.44566666666666,37.793,,,37.793
188,1,2048,64,256,224.0,36.858,,,36.858,37.793,,,37.793
189,1,2048,64,256,32.0,373.68199999999996,,,373.68199999999996,37.793,,,37.793
190,1,2048,64,256,64.0,185.919,,,185.919,37.793,,,37.793
191,1,2048,64,256,304.0,37.793,,,37.793,37.793,,,37.793
192,1,2048,64,4096,128.0,1091.2706666666666,,,1091.2706666666666,441.98500000000007,,,441.98500000000007
193,1,2048,64,4096,160.0,438.8709999999999,,,438.8709999999999,441.98500000000007,,,441.98500000000007
194,1,2048,64,4096,196.0,439.646,,,439.646,441.98500000000007,,,441.98500000000007
195,1,2048,64,4096,32.0,4738.482666666666,,,4738.482666666666,441.98500000000007,,,441.98500000000007
196,1,2048,64,4096,64.0,2339.2993333333334,,,2339.2993333333334,441.98500000000007,,,441.98500000000007
197,1,2048,64,4096,304.0,441.98500000000007,,,441.98500000000007,441.98500000000007,,,441.98500000000007
198,1,2048,64,512,128.0,152.001,,,152.001,64.30733333333333,,,64.30733333333333
199,1,2048,64,512,160.0,64.507,,,64.507,64.30733333333333,,,64.30733333333333
200,1,2048,64,512,196.0,64.76133333333333,,,64.76133333333333,64.30733333333333,,,64.30733333333333
201,1,2048,64,512,224.0,64.49399999999999,,,64.49399999999999,64.30733333333333,,,64.30733333333333
202,1,2048,64,512,32.0,665.189,,,665.189,64.30733333333333,,,64.30733333333333
203,1,2048,64,512,64.0,329.63466666666665,,,329.63466666666665,64.30733333333333,,,64.30733333333333
204,1,2048,64,512,304.0,64.30733333333333,,,64.30733333333333,64.30733333333333,,,64.30733333333333
205,1,2048,8,1024,128.0,,27.71666666666667,6.174333333333333,33.891000000000005,,26.808333333333334,5.131666666666667,31.94
206,1,2048,8,1024,32.0,,27.329000000000004,5.332333333333334,32.66133333333334,,26.808333333333334,5.131666666666667,31.94
207,1,2048,8,1024,64.0,,27.021666666666665,5.158333333333332,32.18,,26.808333333333334,5.131666666666667,31.94
208,1,2048,8,1024,304.0,,26.808333333333334,5.131666666666667,31.94,,26.808333333333334,5.131666666666667,31.94
209,1,2048,8,2048,128.0,,40.85333333333333,5.612666666666667,46.466,,41.13433333333334,6.200666666666666,47.335
210,1,2048,8,2048,32.0,,40.626,5.439,46.065,,41.13433333333334,6.200666666666666,47.335
211,1,2048,8,2048,64.0,,40.70666666666667,5.265666666666667,45.97233333333334,,41.13433333333334,6.200666666666666,47.335
212,1,2048,8,2048,304.0,,41.13433333333334,6.200666666666666,47.335,,41.13433333333334,6.200666666666666,47.335
213,1,2048,8,256,128.0,,11.800000000000002,5.145,16.945,,11.866999999999999,5.372333333333334,17.239333333333335
214,1,2048,8,256,32.0,,11.813666666666668,4.303,16.116666666666667,,11.866999999999999,5.372333333333334,17.239333333333335
215,1,2048,8,256,64.0,,11.814333333333332,4.263333333333333,16.077666666666666,,11.866999999999999,5.372333333333334,17.239333333333335
216,1,2048,8,256,304.0,,11.866999999999999,5.372333333333334,17.239333333333335,,11.866999999999999,5.372333333333334,17.239333333333335
217,1,2048,8,4096,128.0,,69.479,4.717,74.196,,79.449,4.810666666666667,84.25966666666666
218,1,2048,8,4096,32.0,,69.439,4.677333333333333,74.11633333333333,,79.449,4.810666666666667,84.25966666666666
219,1,2048,8,4096,64.0,,69.626,4.663666666666667,74.28966666666668,,79.449,4.810666666666667,84.25966666666666
220,1,2048,8,4096,304.0,,79.449,4.810666666666667,84.25966666666666,,79.449,4.810666666666667,84.25966666666666
221,1,2048,8,512,128.0,,20.674,4.984666666666667,25.658666666666665,,21.115,5.7203333333333335,26.83533333333333
222,1,2048,8,512,32.0,,21.088333333333335,4.811,25.899333333333335,,21.115,5.7203333333333335,26.83533333333333
223,1,2048,8,512,64.0,,21.115,4.917999999999999,26.032999999999998,,21.115,5.7203333333333335,26.83533333333333
224,1,2048,8,512,304.0,,21.115,5.7203333333333335,26.83533333333333,,21.115,5.7203333333333335,26.83533333333333
225,1,2048,16,131072,128.0,13362.187666666667,,,13362.187666666667,6752.249666666667,,,6752.249666666667
226,1,2048,16,131072,32.0,39944.879,,,39944.879,6752.249666666667,,,6752.249666666667
227,1,2048,16,131072,64.0,20013.353333333336,,,20013.353333333336,6752.249666666667,,,6752.249666666667
228,1,2048,16,131072,96.0,13362.214666666667,,,13362.214666666667,6752.249666666667,,,6752.249666666667
229,1,2048,16,131072,304.0,6752.249666666667,,,6752.249666666667,6752.249666666667,,,6752.249666666667
230,1,2048,16,16384,128.0,1699.1009999999999,,,1699.1009999999999,849.2629999999999,,,849.2629999999999
231,1,2048,16,16384,32.0,5012.709666666667,,,5012.709666666667,849.2629999999999,,,849.2629999999999
232,1,2048,16,16384,64.0,2511.694,,,2511.694,849.2629999999999,,,849.2629999999999
233,1,2048,16,16384,96.0,1687.3676666666668,,,1687.3676666666668,849.2629999999999,,,849.2629999999999
234,1,2048,16,16384,304.0,849.2629999999999,,,849.2629999999999,849.2629999999999,,,849.2629999999999
235,1,2048,16,32768,128.0,3345.8289999999997,,,3345.8289999999997,1691.7906666666668,,,1691.7906666666668
236,1,2048,16,32768,32.0,10009.582666666667,,,10009.582666666667,1691.7906666666668,,,1691.7906666666668
237,1,2048,16,32768,64.0,5010.598,,,5010.598,1691.7906666666668,,,1691.7906666666668
238,1,2048,16,32768,96.0,3345.0536666666667,,,3345.0536666666667,1691.7906666666668,,,1691.7906666666668
239,1,2048,16,32768,304.0,1691.7906666666668,,,1691.7906666666668,1691.7906666666668,,,1691.7906666666668
240,1,2048,16,65536,128.0,6686.3656666666675,,,6686.3656666666675,3381.7376666666664,,,3381.7376666666664
241,1,2048,16,65536,32.0,19988.56233333333,,,19988.56233333333,3381.7376666666664,,,3381.7376666666664
242,1,2048,16,65536,64.0,10006.603666666668,,,10006.603666666668,3381.7376666666664,,,3381.7376666666664
243,1,2048,16,65536,96.0,6681.261333333333,,,6681.261333333333,3381.7376666666664,,,3381.7376666666664
244,1,2048,16,65536,304.0,3381.7376666666664,,,3381.7376666666664,3381.7376666666664,,,3381.7376666666664
245,1,2048,16,8192,128.0,866.035,,,866.035,428.3536666666667,,,428.3536666666667
246,1,2048,16,8192,32.0,2517.7473333333332,,,2517.7473333333332,428.3536666666667,,,428.3536666666667
247,1,2048,16,8192,64.0,1283.7506666666668,,,1283.7506666666668,428.3536666666667,,,428.3536666666667
248,1,2048,16,8192,96.0,855.5976666666667,,,855.5976666666667,428.3536666666667,,,428.3536666666667
249,1,2048,16,8192,304.0,428.3536666666667,,,428.3536666666667,428.3536666666667,,,428.3536666666667
250,1,2048,1,131072,128.0,,457.58033333333333,4.597333333333334,462.17766666666665,,440.1936666666666,4.503666666666667,444.6973333333333
251,1,2048,1,131072,32.0,,1752.7436666666665,4.517333333333333,1757.2609999999997,,440.1936666666666,4.503666666666667,444.6973333333333
252,1,2048,1,131072,64.0,,895.1413333333334,4.557333333333333,899.6986666666667,,440.1936666666666,4.503666666666667,444.6973333333333
253,1,2048,1,131072,96.0,,890.9186666666668,4.771,895.6896666666668,,440.1936666666666,4.503666666666667,444.6973333333333
254,1,2048,1,131072,304.0,,440.1936666666666,4.503666666666667,444.6973333333333,,440.1936666666666,4.503666666666667,444.6973333333333
255,1,2048,1,16384,128.0,,66.85966666666667,4.784666666666666,71.64433333333334,,63.59866666666667,4.690666666666667,68.28933333333333
256,1,2048,1,16384,32.0,,234.00199999999998,4.597333333333333,238.5993333333333,,63.59866666666667,4.690666666666667,68.28933333333333
257,1,2048,1,16384,64.0,,119.99466666666667,4.650333333333333,124.64500000000001,,63.59866666666667,4.690666666666667,68.28933333333333
258,1,2048,1,16384,96.0,,118.11033333333334,4.53,122.64033333333334,,63.59866666666667,4.690666666666667,68.28933333333333
259,1,2048,1,16384,304.0,,63.59866666666667,4.690666666666667,68.28933333333333,,63.59866666666667,4.690666666666667,68.28933333333333
260,1,2048,1,32768,128.0,,121.07733333333333,4.517,125.59433333333332,,115.18366666666668,4.503333333333334,119.68700000000001
261,1,2048,1,32768,32.0,,447.89166666666665,4.664000000000001,452.55566666666664,,115.18366666666668,4.503333333333334,119.68700000000001
262,1,2048,1,32768,64.0,,227.788,4.597,232.38500000000002,,115.18366666666668,4.503333333333334,119.68700000000001
263,1,2048,1,32768,96.0,,225.663,4.570333333333334,230.23333333333335,,115.18366666666668,4.503333333333334,119.68700000000001
264,1,2048,1,32768,304.0,,115.18366666666668,4.503333333333334,119.68700000000001,,115.18366666666668,4.503333333333334,119.68700000000001
265,1,2048,1,65536,128.0,,232.465,4.5840000000000005,237.049,,222.08166666666668,4.41,226.49166666666667
266,1,2048,1,65536,32.0,,902.3443333333335,4.530666666666666,906.8750000000001,,222.08166666666668,4.41,226.49166666666667
267,1,2048,1,65536,64.0,,448.70699999999994,4.637333333333333,453.3443333333333,,222.08166666666668,4.41,226.49166666666667
268,1,2048,1,65536,96.0,,445.01833333333326,4.570333333333333,449.5886666666666,,222.08166666666668,4.41,226.49166666666667
269,1,2048,1,65536,304.0,,222.08166666666668,4.41,226.49166666666667,,222.08166666666668,4.41,226.49166666666667
270,1,2048,1,8192,128.0,,33.891333333333336,4.530333333333333,38.42166666666667,,32.15333333333333,3.995666666666667,36.148999999999994
271,1,2048,1,8192,32.0,,118.84499999999998,4.531,123.37599999999999,,32.15333333333333,3.995666666666667,36.148999999999994
272,1,2048,1,8192,64.0,,61.193666666666665,4.783666666666666,65.97733333333333,,32.15333333333333,3.995666666666667,36.148999999999994
273,1,2048,1,8192,96.0,,60.65866666666667,4.7843333333333335,65.443,,32.15333333333333,3.995666666666667,36.148999999999994
274,1,2048,1,8192,304.0,,32.15333333333333,3.995666666666667,36.148999999999994,,32.15333333333333,3.995666666666667,36.148999999999994
275,1,2048,32,131072,128.0,20305.340333333334,,,20305.340333333334,6897.021,,,6897.021
276,1,2048,32,131072,32.0,75602.78533333333,,,75602.78533333333,6897.021,,,6897.021
277,1,2048,32,131072,64.0,40195.25033333334,,,40195.25033333334,6897.021,,,6897.021
278,1,2048,32,131072,96.0,26984.195666666667,,,26984.195666666667,6897.021,,,6897.021
279,1,2048,32,131072,304.0,6897.021,,,6897.021,6897.021,,,6897.021
280,1,2048,32,16384,128.0,2520.1259999999997,,,2520.1259999999997,899.739,,,899.739
281,1,2048,32,16384,32.0,9750.203000000001,,,9750.203000000001,899.739,,,899.739
282,1,2048,32,16384,64.0,5017.373333333334,,,5017.373333333334,899.739,,,899.739
283,1,2048,32,16384,96.0,3357.402,,,3357.402,899.739,,,899.739
284,1,2048,32,16384,304.0,899.739,,,899.739,899.739,,,899.739
285,1,2048,32,32768,128.0,5069.252666666666,,,5069.252666666666,1808.7256666666665,,,1808.7256666666665
286,1,2048,32,32768,32.0,18924.769,,,18924.769,1808.7256666666665,,,1808.7256666666665
287,1,2048,32,32768,64.0,10049.114,,,10049.114,1808.7256666666665,,,1808.7256666666665
288,1,2048,32,32768,96.0,6712.6393333333335,,,6712.6393333333335,1808.7256666666665,,,1808.7256666666665
289,1,2048,32,32768,304.0,1808.7256666666665,,,1808.7256666666665,1808.7256666666665,,,1808.7256666666665
290,1,2048,32,65536,128.0,10158.791,,,10158.791,3520.0003333333334,,,3520.0003333333334
291,1,2048,32,65536,32.0,39004.56733333333,,,39004.56733333333,3520.0003333333334,,,3520.0003333333334
292,1,2048,32,65536,64.0,20152.337333333333,,,20152.337333333333,3520.0003333333334,,,3520.0003333333334
293,1,2048,32,65536,96.0,13498.472666666667,,,13498.472666666667,3520.0003333333334,,,3520.0003333333334
294,1,2048,32,65536,304.0,3520.0003333333334,,,3520.0003333333334,3520.0003333333334,,,3520.0003333333334
295,1,2048,32,8192,128.0,1286.53,,,1286.53,435.42299999999994,,,435.42299999999994
296,1,2048,32,8192,32.0,4753.57,,,4753.57,435.42299999999994,,,435.42299999999994
297,1,2048,32,8192,64.0,2519.4043333333334,,,2519.4043333333334,435.42299999999994,,,435.42299999999994
298,1,2048,32,8192,96.0,1692.9669999999999,,,1692.9669999999999,435.42299999999994,,,435.42299999999994
299,1,2048,32,8192,304.0,435.42299999999994,,,435.42299999999994,435.42299999999994,,,435.42299999999994
300,1,2048,8,131072,128.0,,4471.137,5.733,4476.87,,1998.6000000000001,5.358666666666667,2003.9586666666669
301,1,2048,8,131072,32.0,,19158.063,11.506,19169.569,,1998.6000000000001,5.358666666666667,2003.9586666666669
302,1,2048,8,131072,64.0,,9593.631333333333,7.510666666666666,9601.142,,1998.6000000000001,5.358666666666667,2003.9586666666669
303,1,2048,8,131072,96.0,,5723.896666666667,6.294666666666667,5730.191333333334,,1998.6000000000001,5.358666666666667,2003.9586666666669
304,1,2048,8,131072,304.0,,1998.6000000000001,5.358666666666667,2003.9586666666669,,1998.6000000000001,5.358666666666667,2003.9586666666669
305,1,2048,8,16384,128.0,,568.14,5.599666666666667,573.7396666666666,,234.216,4.717666666666667,238.93366666666668
306,1,2048,8,16384,32.0,,2518.629333333333,10.758333333333333,2529.387666666666,,234.216,4.717666666666667,238.93366666666668
307,1,2048,8,16384,64.0,,1259.1073333333334,7.229666666666667,1266.337,,234.216,4.717666666666667,238.93366666666668
308,1,2048,8,16384,96.0,,745.7593333333334,5.800333333333334,751.5596666666668,,234.216,4.717666666666667,238.93366666666668
309,1,2048,8,16384,304.0,,234.216,4.717666666666667,238.93366666666668,,234.216,4.717666666666667,238.93366666666668
310,1,2048,8,32768,128.0,,1114.4303333333332,5.559333333333332,1119.9896666666666,,462.4583333333333,4.797666666666667,467.256
311,1,2048,8,32768,32.0,,4843.175333333334,10.824666666666667,4854.0,,462.4583333333333,4.797666666666667,467.256
312,1,2048,8,32768,64.0,,2432.125,7.042666666666666,2439.1676666666667,,462.4583333333333,4.797666666666667,467.256
313,1,2048,8,32768,96.0,,1451.615,5.8936666666666655,1457.5086666666666,,462.4583333333333,4.797666666666667,467.256
314,1,2048,8,32768,304.0,,462.4583333333333,4.797666666666667,467.256,,462.4583333333333,4.797666666666667,467.256
315,1,2048,8,65536,128.0,,2215.51,5.866666666666667,2221.376666666667,,967.3866666666668,5.359333333333333,972.7460000000001
316,1,2048,8,65536,32.0,,9593.791333333333,11.145000000000001,9604.936333333333,,967.3866666666668,5.359333333333333,972.7460000000001
317,1,2048,8,65536,64.0,,4776.008333333332,7.590333333333334,4783.598666666666,,967.3866666666668,5.359333333333333,972.7460000000001
318,1,2048,8,65536,96.0,,2842.2236666666668,6.000333333333334,2848.224,,967.3866666666668,5.359333333333333,972.7460000000001
319,1,2048,8,65536,304.0,,967.3866666666668,5.359333333333333,972.7460000000001,,967.3866666666668,5.359333333333333,972.7460000000001
320,1,2048,8,8192,128.0,,297.8283333333334,5.653,303.4813333333334,,123.93700000000001,4.811,128.74800000000002
321,1,2048,8,8192,32.0,,1318.751,11.118666666666668,1329.8696666666667,,123.93700000000001,4.811,128.74800000000002
322,1,2048,8,8192,64.0,,646.9073333333333,7.403333333333333,654.3106666666666,,123.93700000000001,4.811,128.74800000000002
323,1,2048,8,8192,96.0,,385.5753333333333,6.000666666666667,391.57599999999996,,123.93700000000001,4.811,128.74800000000002
324,1,2048,8,8192,304.0,,123.93700000000001,4.811,128.74800000000002,,123.93700000000001,4.811,128.74800000000002
