,decode_batch,decode_len,cu_mask,avg_duration_2d_us,avg_duration_3d_us,avg_duration_reduce_segment_us,avg_decode_duration_us,avg_duration_2d_us_baseline,avg_duration_3d_us_baseline,avg_duration_reduce_segment_us_baseline,avg_decode_duration_us_baseline
0,128,1024,128.0,117.32166666666666,,,117.32166666666666,60.52466666666667,,,60.52466666666667
1,128,1024,160.0,61.24700000000001,,,61.24700000000001,60.52466666666667,,,60.52466666666667
2,128,1024,32.0,340.0986666666667,,,340.0986666666667,60.52466666666667,,,60.52466666666667
3,128,1024,64.0,172.381,,,172.381,60.52466666666667,,,60.52466666666667
4,128,1024,96.0,117.923,,,117.923,60.52466666666667,,,60.52466666666667
5,128,1024,304.0,60.52466666666667,,,60.52466666666667,60.52466666666667,,,60.52466666666667
6,128,2048,128.0,220.45066666666665,,,220.45066666666665,112.31066666666668,,,112.31066666666668
7,128,2048,160.0,113.246,,,113.246,112.31066666666668,,,112.31066666666668
8,128,2048,32.0,650.7286666666666,,,650.7286666666666,112.31066666666668,,,112.31066666666668
9,128,2048,64.0,328.9393333333333,,,328.9393333333333,112.31066666666668,,,112.31066666666668
10,128,2048,96.0,223.13733333333334,,,223.13733333333334,112.31066666666668,,,112.31066666666668
11,128,2048,304.0,112.31066666666668,,,112.31066666666668,112.31066666666668,,,112.31066666666668
12,128,256,128.0,37.13833333333333,,,37.13833333333333,20.995,,,20.995
13,128,256,160.0,20.714,,,20.714,20.995,,,20.995
14,128,256,32.0,105.52133333333335,,,105.52133333333335,20.995,,,20.995
15,128,256,64.0,56.36866666666666,,,56.36866666666666,20.995,,,20.995
16,128,256,96.0,38.488,,,38.488,20.995,,,20.995
17,128,256,304.0,20.995,,,20.995,20.995,,,20.995
18,128,4096,128.0,431.28000000000003,,,431.28000000000003,217.63133333333334,,,217.63133333333334
19,128,4096,160.0,221.09233333333336,,,221.09233333333336,217.63133333333334,,,217.63133333333334
20,128,4096,32.0,1277.1886666666667,,,1277.1886666666667,217.63133333333334,,,217.63133333333334
21,128,4096,64.0,643.2986666666667,,,643.2986666666667,217.63133333333334,,,217.63133333333334
22,128,4096,96.0,431.49399999999997,,,431.49399999999997,217.63133333333334,,,217.63133333333334
23,128,4096,304.0,217.63133333333334,,,217.63133333333334,217.63133333333334,,,217.63133333333334
24,128,512,128.0,64.935,,,64.935,34.50566666666666,,,34.50566666666666
25,128,512,160.0,32.80833333333334,,,32.80833333333334,34.50566666666666,,,34.50566666666666
26,128,512,32.0,182.44366666666667,,,182.44366666666667,34.50566666666666,,,34.50566666666666
27,128,512,64.0,93.21266666666666,,,93.21266666666666,34.50566666666666,,,34.50566666666666
28,128,512,96.0,63.31833333333333,,,63.31833333333333,34.50566666666666,,,34.50566666666666
29,128,512,304.0,34.50566666666666,,,34.50566666666666,34.50566666666666,,,34.50566666666666
30,128,8192,128.0,873.1176666666667,,,873.1176666666667,431.4266666666667,,,431.4266666666667
31,128,8192,160.0,432.45599999999996,,,432.45599999999996,431.4266666666667,,,431.4266666666667
32,128,8192,32.0,2531.030666666667,,,2531.030666666667,431.4266666666667,,,431.4266666666667
33,128,8192,64.0,1289.5103333333334,,,1289.5103333333334,431.4266666666667,,,431.4266666666667
34,128,8192,96.0,864.7653333333334,,,864.7653333333334,431.4266666666667,,,431.4266666666667
35,128,8192,304.0,431.4266666666667,,,431.4266666666667,431.4266666666667,,,431.4266666666667
36,16,1024,128.0,,21.595666666666663,5.358666666666667,26.95433333333333,,9.020666666666665,4.3566666666666665,13.377333333333333
37,16,1024,160.0,,14.513,4.036,18.549,,9.020666666666665,4.3566666666666665,13.377333333333333
38,16,1024,32.0,,70.69500000000001,5.372333333333334,76.06733333333334,,9.020666666666665,4.3566666666666665,13.377333333333333
39,16,1024,64.0,,37.031333333333336,4.611,41.64233333333333,,9.020666666666665,4.3566666666666665,13.377333333333333
40,16,1024,96.0,,27.102,4.7843333333333335,31.886333333333333,,9.020666666666665,4.3566666666666665,13.377333333333333
41,16,1024,304.0,,9.020666666666665,4.3566666666666665,13.377333333333333,,9.020666666666665,4.3566666666666665,13.377333333333333
42,16,2048,128.0,,30.376,4.276666666666666,34.65266666666667,,12.696,4.369666666666667,17.065666666666665
43,16,2048,160.0,,22.104,4.984333333333333,27.08833333333333,,12.696,4.369666666666667,17.065666666666665
44,16,2048,32.0,,111.16133333333333,5.038333333333334,116.19966666666667,,12.696,4.369666666666667,17.065666666666665
45,16,2048,64.0,,57.625,5.051333333333333,62.67633333333333,,12.696,4.369666666666667,17.065666666666665
46,16,2048,96.0,,39.38366666666666,4.490333333333333,43.873999999999995,,12.696,4.369666666666667,17.065666666666665
47,16,2048,304.0,,12.696,4.369666666666667,17.065666666666665,,12.696,4.369666666666667,17.065666666666665
48,16,256,128.0,,9.996333333333332,3.982333333333333,13.978666666666665,,6.762333333333333,4.0889999999999995,10.851333333333333
49,16,256,160.0,,7.269666666666666,4.303333333333334,11.573,,6.762333333333333,4.0889999999999995,10.851333333333333
50,16,256,32.0,,27.409666666666666,5.759666666666667,33.169333333333334,,6.762333333333333,4.0889999999999995,10.851333333333333
51,16,256,64.0,,16.558,4.316666666666666,20.874666666666666,,6.762333333333333,4.0889999999999995,10.851333333333333
52,16,256,96.0,,11.413000000000002,4.223,15.636000000000003,,6.762333333333333,4.0889999999999995,10.851333333333333
53,16,256,304.0,,6.762333333333333,4.0889999999999995,10.851333333333333,,6.762333333333333,4.0889999999999995,10.851333333333333
54,16,4096,128.0,,52.119,4.757,56.876,,20.072999999999997,5.172,25.244999999999997
55,16,4096,160.0,,35.174,4.129333333333334,39.303333333333335,,20.072999999999997,5.172,25.244999999999997
56,16,4096,32.0,,192.26666666666665,5.051333333333333,197.31799999999998,,20.072999999999997,5.172,25.244999999999997
57,16,4096,64.0,,98.13133333333333,4.530333333333334,102.66166666666666,,20.072999999999997,5.172,25.244999999999997
58,16,4096,96.0,,67.34066666666668,4.584,71.92466666666668,,20.072999999999997,5.172,25.244999999999997
59,16,4096,304.0,,20.072999999999997,5.172,25.244999999999997,,20.072999999999997,5.172,25.244999999999997
60,16,512,128.0,,14.045333333333332,4.156333333333333,18.201666666666664,,8.192333333333332,4.035666666666667,12.227999999999998
61,16,512,160.0,,10.771333333333333,4.396666666666667,15.168,,8.192333333333332,4.035666666666667,12.227999999999998
62,16,512,32.0,,46.879999999999995,5.345666666666666,52.22566666666666,,8.192333333333332,4.035666666666667,12.227999999999998
63,16,512,64.0,,26.207000000000004,5.051333333333333,31.258333333333336,,8.192333333333332,4.035666666666667,12.227999999999998
64,16,512,96.0,,18.308333333333334,5.131666666666667,23.44,,8.192333333333332,4.035666666666667,12.227999999999998
65,16,512,304.0,,8.192333333333332,4.035666666666667,12.227999999999998,,8.192333333333332,4.035666666666667,12.227999999999998
66,16,8192,128.0,,91.02133333333332,4.557333333333333,95.57866666666665,,34.666,5.786666666666666,40.452666666666666
67,16,8192,160.0,,62.489666666666665,4.623666666666667,67.11333333333333,,34.666,5.786666666666666,40.452666666666666
68,16,8192,32.0,,354.518,5.2253333333333325,359.7433333333333,,34.666,5.786666666666666,40.452666666666666
69,16,8192,64.0,,178.60866666666666,4.383666666666667,182.99233333333333,,34.666,5.786666666666666,40.452666666666666
70,16,8192,96.0,,120.16833333333334,4.624,124.79233333333333,,34.666,5.786666666666666,40.452666666666666
71,16,8192,304.0,,34.666,5.786666666666666,40.452666666666666,,34.666,5.786666666666666,40.452666666666666
72,1,1024,128.0,,9.848999999999998,3.888666666666667,13.737666666666666,,8.539333333333333,4.41,12.949333333333334
73,1,1024,160.0,,9.287666666666667,3.6216666666666666,12.909333333333333,,8.539333333333333,4.41,12.949333333333334
74,1,1024,32.0,,9.448,4.116,13.564,,8.539333333333333,4.41,12.949333333333334
75,1,1024,64.0,,8.192333333333332,4.062666666666667,12.254999999999999,,8.539333333333333,4.41,12.949333333333334
76,1,1024,96.0,,11.346000000000002,4.062333333333333,15.408333333333335,,8.539333333333333,4.41,12.949333333333334
77,1,1024,304.0,,8.539333333333333,4.41,12.949333333333334,,8.539333333333333,4.41,12.949333333333334
78,1,2048,128.0,,11.746666666666668,3.916,15.662666666666668,,11.345666666666666,3.9153333333333333,15.261
79,1,2048,160.0,,13.257333333333333,4.1290000000000004,17.386333333333333,,11.345666666666666,3.9153333333333333,15.261
80,1,2048,32.0,,12.281666666666666,3.848333333333334,16.13,,11.345666666666666,3.9153333333333333,15.261
81,1,2048,64.0,,13.644666666666666,4.2363333333333335,17.881,,11.345666666666666,3.9153333333333333,15.261
82,1,2048,96.0,,11.854333333333331,4.143,15.99733333333333,,11.345666666666666,3.9153333333333333,15.261
83,1,2048,304.0,,11.345666666666666,3.9153333333333333,15.261,,11.345666666666666,3.9153333333333333,15.261
84,1,256,128.0,,7.163666666666667,4.143,11.306666666666667,,6.428,3.982666666666667,10.410666666666668
85,1,256,160.0,,10.610999999999999,4.6643333333333326,15.275333333333332,,6.428,3.982666666666667,10.410666666666668
86,1,256,32.0,,6.187666666666666,3.8089999999999997,9.996666666666666,,6.428,3.982666666666667,10.410666666666668
87,1,256,64.0,,7.550666666666667,3.942,11.492666666666668,,6.428,3.982666666666667,10.410666666666668
88,1,256,96.0,,6.588666666666666,3.9956666666666667,10.584333333333333,,6.428,3.982666666666667,10.410666666666668
89,1,256,304.0,,6.428,3.982666666666667,10.410666666666668,,6.428,3.982666666666667,10.410666666666668
90,1,4096,128.0,,23.974666666666668,5.4526666666666666,29.427333333333333,,18.469333333333335,4.223,22.692333333333334
91,1,4096,160.0,,19.044,5.198666666666667,24.24266666666667,,18.469333333333335,4.223,22.692333333333334
92,1,4096,32.0,,18.49566666666667,3.6483333333333334,22.144000000000002,,18.469333333333335,4.223,22.692333333333334
93,1,4096,64.0,,19.257666666666665,5.091333333333334,24.349,,18.469333333333335,4.223,22.692333333333334
94,1,4096,96.0,,22.41133333333333,5.185333333333333,27.596666666666664,,18.469333333333335,4.223,22.692333333333334
95,1,4096,304.0,,18.469333333333335,4.223,22.692333333333334,,18.469333333333335,4.223,22.692333333333334
96,1,512,128.0,,6.575,4.049,10.624,,7.938,4.971666666666667,12.909666666666666
97,1,512,160.0,,6.815333333333334,4.182666666666667,10.998000000000001,,7.938,4.971666666666667,12.909666666666666
98,1,512,32.0,,8.513,3.8353333333333333,12.348333333333333,,7.938,4.971666666666667,12.909666666666666
99,1,512,64.0,,6.855666666666667,3.902333333333333,10.758,,7.938,4.971666666666667,12.909666666666666
100,1,512,96.0,,6.481999999999999,3.942,10.424,,7.938,4.971666666666667,12.909666666666666
101,1,512,304.0,,7.938,4.971666666666667,12.909666666666666,,7.938,4.971666666666667,12.909666666666666
102,1,8192,128.0,,31.766000000000002,4.129333333333332,35.89533333333333,,32.24733333333333,4.356333333333333,36.60366666666666
103,1,8192,160.0,,34.89366666666667,5.265333333333333,40.159,,32.24733333333333,4.356333333333333,36.60366666666666
104,1,8192,32.0,,31.685666666666666,3.9553333333333334,35.641,,32.24733333333333,4.356333333333333,36.60366666666666
105,1,8192,64.0,,32.367333333333335,4.102333333333334,36.46966666666667,,32.24733333333333,4.356333333333333,36.60366666666666
106,1,8192,96.0,,31.726,3.9023333333333334,35.62833333333333,,32.24733333333333,4.356333333333333,36.60366666666666
107,1,8192,304.0,,32.24733333333333,4.356333333333333,36.60366666666666,,32.24733333333333,4.356333333333333,36.60366666666666
108,2,1024,128.0,,9.595,4.517,14.112000000000002,,8.285333333333334,4.196333333333333,12.481666666666666
109,2,1024,160.0,,9.582,3.9956666666666667,13.577666666666667,,8.285333333333334,4.196333333333333,12.481666666666666
110,2,1024,32.0,,15.261333333333335,3.9956666666666667,19.257,,8.285333333333334,4.196333333333333,12.481666666666666
111,2,1024,64.0,,9.475,4.182666666666667,13.657666666666668,,8.285333333333334,4.196333333333333,12.481666666666666
112,2,1024,96.0,,9.781666666666668,4.0360000000000005,13.817666666666668,,8.285333333333334,4.196333333333333,12.481666666666666
113,2,1024,304.0,,8.285333333333334,4.196333333333333,12.481666666666666,,8.285333333333334,4.196333333333333,12.481666666666666
114,2,2048,128.0,,11.760333333333335,3.969,15.729333333333335,,13.257333333333335,4.45,17.707333333333334
115,2,2048,160.0,,12.535000000000002,5.305,17.840000000000003,,13.257333333333335,4.45,17.707333333333334
116,2,2048,32.0,,20.647333333333332,4.143000000000001,24.790333333333333,,13.257333333333335,4.45,17.707333333333334
117,2,2048,64.0,,12.549,4.370333333333334,16.919333333333334,,13.257333333333335,4.45,17.707333333333334
118,2,2048,96.0,,11.6,4.544,16.144,,13.257333333333335,4.45,17.707333333333334
119,2,2048,304.0,,13.257333333333335,4.45,17.707333333333334,,13.257333333333335,4.45,17.707333333333334
120,2,256,128.0,,7.002666666666666,4.37,11.372666666666667,,7.31,4.877666666666666,12.187666666666665
121,2,256,160.0,,8.285666666666666,5.145,13.430666666666665,,7.31,4.877666666666666,12.187666666666665
122,2,256,32.0,,8.74,3.9559999999999995,12.696,,7.31,4.877666666666666,12.187666666666665
123,2,256,64.0,,6.936,4.824333333333334,11.760333333333334,,7.31,4.877666666666666,12.187666666666665
124,2,256,96.0,,6.254333333333334,3.7153333333333336,9.969666666666669,,7.31,4.877666666666666,12.187666666666665
125,2,256,304.0,,7.31,4.877666666666666,12.187666666666665,,7.31,4.877666666666666,12.187666666666665
126,2,4096,128.0,,18.21466666666667,3.768666666666667,21.983333333333338,,19.818666666666665,4.864,24.682666666666666
127,2,4096,160.0,,19.792333333333332,4.9446666666666665,24.737,,19.818666666666665,4.864,24.682666666666666
128,2,4096,32.0,,34.064666666666675,4.049666666666667,38.11433333333334,,19.818666666666665,4.864,24.682666666666666
129,2,4096,64.0,,19.538,4.984666666666667,24.522666666666666,,19.818666666666665,4.864,24.682666666666666
130,2,4096,96.0,,19.083666666666666,4.089666666666667,23.173333333333332,,19.818666666666665,4.864,24.682666666666666
131,2,4096,304.0,,19.818666666666665,4.864,24.682666666666666,,19.818666666666665,4.864,24.682666666666666
132,2,512,128.0,,9.194666666666667,5.118333333333333,14.312999999999999,,8.231666666666667,4.1963333333333335,12.428
133,2,512,160.0,,7.109666666666667,5.238666666666666,12.348333333333333,,8.231666666666667,4.1963333333333335,12.428
134,2,512,32.0,,9.915999999999999,4.022666666666667,13.938666666666666,,8.231666666666667,4.1963333333333335,12.428
135,2,512,64.0,,6.668333333333333,4.957999999999999,11.626333333333331,,8.231666666666667,4.1963333333333335,12.428
136,2,512,96.0,,6.375,3.875666666666667,10.250666666666667,,8.231666666666667,4.1963333333333335,12.428
137,2,512,304.0,,8.231666666666667,4.1963333333333335,12.428,,8.231666666666667,4.1963333333333335,12.428
138,2,8192,128.0,,31.819666666666667,3.6486666666666667,35.468333333333334,,33.303000000000004,4.2363333333333335,37.53933333333334
139,2,8192,160.0,,31.980333333333334,4.33,36.31033333333333,,33.303000000000004,4.2363333333333335,37.53933333333334
140,2,8192,32.0,,60.87266666666667,4.4366666666666665,65.30933333333333,,33.303000000000004,4.2363333333333335,37.53933333333334
141,2,8192,64.0,,31.471666666666664,3.849,35.32066666666667,,33.303000000000004,4.2363333333333335,37.53933333333334
142,2,8192,96.0,,31.85933333333333,4.169333333333333,36.02866666666666,,33.303000000000004,4.2363333333333335,37.53933333333334
143,2,8192,304.0,,33.303000000000004,4.2363333333333335,37.53933333333334,,33.303000000000004,4.2363333333333335,37.53933333333334
144,32,1024,128.0,,33.022,4.905333333333334,37.92733333333333,,15.796333333333331,4.330000000000001,20.12633333333333
145,32,1024,160.0,,28.277666666666665,5.385333333333333,33.663,,15.796333333333331,4.330000000000001,20.12633333333333
146,32,1024,32.0,,133.1846666666667,6.936,140.1206666666667,,15.796333333333331,4.330000000000001,20.12633333333333
147,32,1024,64.0,,67.902,5.466333333333334,73.36833333333334,,15.796333333333331,4.330000000000001,20.12633333333333
148,32,1024,96.0,,43.86066666666667,4.623666666666666,48.48433333333333,,15.796333333333331,4.330000000000001,20.12633333333333
149,32,1024,304.0,,15.796333333333331,4.330000000000001,20.12633333333333,,15.796333333333331,4.330000000000001,20.12633333333333
150,32,2048,128.0,,50.58233333333333,4.570666666666667,55.153,,22.959333333333333,5.479333333333333,28.438666666666666
151,32,2048,160.0,,42.28366666666667,5.653,47.93666666666667,,22.959333333333333,5.479333333333333,28.438666666666666
152,32,2048,32.0,,221.74733333333333,6.9093333333333335,228.65666666666667,,22.959333333333333,5.479333333333333,28.438666666666666
153,32,2048,64.0,,104.67933333333333,5.238666666666666,109.91799999999999,,22.959333333333333,5.479333333333333,28.438666666666666
154,32,2048,96.0,,67.74166666666666,4.717333333333333,72.45899999999999,,22.959333333333333,5.479333333333333,28.438666666666666
155,32,2048,304.0,,22.959333333333333,5.479333333333333,28.438666666666666,,22.959333333333333,5.479333333333333,28.438666666666666
156,32,256,128.0,,14.914,5.880333333333333,20.794333333333334,,7.817333333333334,4.784,12.601333333333333
157,32,256,160.0,,11.292,4.730999999999999,16.023,,7.817333333333334,4.784,12.601333333333333
158,32,256,32.0,,54.498333333333335,7.27,61.76833333333333,,7.817333333333334,4.784,12.601333333333333
159,32,256,64.0,,28.892666666666667,6.200666666666667,35.093333333333334,,7.817333333333334,4.784,12.601333333333333
160,32,256,96.0,,20.219666666666665,5.212,25.431666666666665,,7.817333333333334,4.784,12.601333333333333
161,32,256,304.0,,7.817333333333334,4.784,12.601333333333333,,7.817333333333334,4.784,12.601333333333333
162,32,4096,128.0,,84.19266666666665,4.650666666666667,88.84333333333332,,37.419000000000004,4.543666666666667,41.96266666666667
163,32,4096,160.0,,68.79766666666667,4.543666666666667,73.34133333333334,,37.419000000000004,4.543666666666667,41.96266666666667
164,32,4096,32.0,,364.567,6.989333333333334,371.5563333333333,,37.419000000000004,4.543666666666667,41.96266666666667
165,32,4096,64.0,,177.71333333333334,5.131666666666667,182.845,,37.419000000000004,4.543666666666667,41.96266666666667
166,32,4096,96.0,,115.798,4.7443333333333335,120.54233333333333,,37.419000000000004,4.543666666666667,41.96266666666667
167,32,4096,304.0,,37.419000000000004,4.543666666666667,41.96266666666667,,37.419000000000004,4.543666666666667,41.96266666666667
168,32,512,128.0,,24.629333333333335,4.7043333333333335,29.33366666666667,,13.189666666666668,4.343333333333334,17.533
169,32,512,160.0,,20.928,5.773,26.701,,13.189666666666668,4.343333333333334,17.533
170,32,512,32.0,,88.50933333333334,6.815666666666666,95.32500000000002,,13.189666666666668,4.343333333333334,17.533
171,32,512,64.0,,44.889,5.866666666666667,50.75566666666667,,13.189666666666668,4.343333333333334,17.533
172,32,512,96.0,,30.429666666666666,5.131666666666667,35.56133333333333,,13.189666666666668,4.343333333333334,17.533
173,32,512,304.0,,13.189666666666668,4.343333333333334,17.533,,13.189666666666668,4.343333333333334,17.533
174,32,8192,128.0,,151.37299999999996,4.436333333333333,155.80933333333329,,64.33399999999999,4.757333333333333,69.09133333333332
175,32,8192,160.0,,122.89433333333334,4.557333333333333,127.45166666666667,,64.33399999999999,4.757333333333333,69.09133333333332
176,32,8192,32.0,,672.8326666666667,7.577000000000001,680.4096666666667,,64.33399999999999,4.757333333333333,69.09133333333332
177,32,8192,64.0,,324.9836666666667,5.411999999999999,330.39566666666667,,64.33399999999999,4.757333333333333,69.09133333333332
178,32,8192,96.0,,209.19866666666667,4.757666666666666,213.95633333333333,,64.33399999999999,4.757333333333333,69.09133333333332
179,32,8192,304.0,,64.33399999999999,4.757333333333333,69.09133333333332,,64.33399999999999,4.757333333333333,69.09133333333332
180,4,1024,128.0,,8.138,3.969333333333333,12.107333333333333,,8.766666666666666,4.075666666666666,12.842333333333332
181,4,1024,160.0,,8.392666666666667,4.062666666666666,12.455333333333332,,8.766666666666666,4.075666666666666,12.842333333333332
182,4,1024,32.0,,20.35333333333333,4.824333333333333,25.177666666666664,,8.766666666666666,4.075666666666666,12.842333333333332
183,4,1024,64.0,,13.804666666666668,3.902333333333333,17.707,,8.766666666666666,4.075666666666666,12.842333333333332
184,4,1024,96.0,,10.878,4.570333333333333,15.448333333333334,,8.766666666666666,4.075666666666666,12.842333333333332
185,4,1024,304.0,,8.766666666666666,4.075666666666666,12.842333333333332,,8.766666666666666,4.075666666666666,12.842333333333332
186,4,2048,128.0,,11.466333333333333,4.009333333333333,15.475666666666665,,12.094,4.142666666666667,16.236666666666665
187,4,2048,160.0,,13.391,4.0633333333333335,17.454333333333334,,12.094,4.142666666666667,16.236666666666665
188,4,2048,32.0,,31.151333333333337,3.8483333333333327,34.99966666666667,,12.094,4.142666666666667,16.236666666666665
189,4,2048,64.0,,20.55333333333333,3.675666666666667,24.229,,12.094,4.142666666666667,16.236666666666665
190,4,2048,96.0,,11.76,4.263333333333334,16.023333333333333,,12.094,4.142666666666667,16.236666666666665
191,4,2048,304.0,,12.094,4.142666666666667,16.236666666666665,,12.094,4.142666666666667,16.236666666666665
192,4,256,128.0,,6.454999999999999,3.902333333333333,10.357333333333333,,6.762333333333333,4.2363333333333335,10.998666666666667
193,4,256,160.0,,7.416999999999999,4.664,12.081,,6.762333333333333,4.2363333333333335,10.998666666666667
194,4,256,32.0,,11.185333333333332,4.5840000000000005,15.769333333333332,,6.762333333333333,4.2363333333333335,10.998666666666667
195,4,256,64.0,,7.751,4.757666666666666,12.508666666666667,,6.762333333333333,4.2363333333333335,10.998666666666667
196,4,256,96.0,,7.577333333333333,4.744000000000001,12.321333333333333,,6.762333333333333,4.2363333333333335,10.998666666666667
197,4,256,304.0,,6.762333333333333,4.2363333333333335,10.998666666666667,,6.762333333333333,4.2363333333333335,10.998666666666667
198,4,4096,128.0,,19.23033333333333,4.17,23.40033333333333,,18.589,4.09,22.679
199,4,4096,160.0,,20.099333333333334,4.383333333333334,24.482666666666667,,18.589,4.09,22.679
200,4,4096,32.0,,50.315,4.223,54.538,,18.589,4.09,22.679
201,4,4096,64.0,,34.184666666666665,3.8216666666666668,38.00633333333333,,18.589,4.09,22.679
202,4,4096,96.0,,18.42866666666667,4.102666666666667,22.531333333333336,,18.589,4.09,22.679
203,4,4096,304.0,,18.589,4.09,22.679,,18.589,4.09,22.679
204,4,512,128.0,,6.401666666666667,3.889,10.290666666666667,,6.882666666666666,4.5440000000000005,11.426666666666666
205,4,512,160.0,,6.414666666666666,3.889,10.303666666666667,,6.882666666666666,4.5440000000000005,11.426666666666666
206,4,512,32.0,,13.658000000000001,4.115666666666667,17.773666666666667,,6.882666666666666,4.5440000000000005,11.426666666666666
207,4,512,64.0,,9.916,4.316666666666666,14.232666666666667,,6.882666666666666,4.5440000000000005,11.426666666666666
208,4,512,96.0,,6.147666666666667,4.142666666666666,10.290333333333333,,6.882666666666666,4.5440000000000005,11.426666666666666
209,4,512,304.0,,6.882666666666666,4.5440000000000005,11.426666666666666,,6.882666666666666,4.5440000000000005,11.426666666666666
210,4,8192,128.0,,32.78133333333333,4.544,37.325333333333326,,34.065,4.45,38.515
211,4,8192,160.0,,33.035666666666664,5.332333333333334,38.367999999999995,,34.065,4.45,38.515
212,4,8192,32.0,,90.50066666666667,4.45,94.95066666666668,,34.065,4.45,38.515
213,4,8192,64.0,,62.129,4.477,66.606,,34.065,4.45,38.515
214,4,8192,96.0,,31.873,4.53,36.403,,34.065,4.45,38.515
215,4,8192,304.0,,34.065,4.45,38.515,,34.065,4.45,38.515
216,64,1024,128.0,,65.323,6.267333333333333,71.59033333333332,,32.929,6.562,39.491
217,64,1024,160.0,,54.52466666666666,5.506333333333333,60.03099999999999,,32.929,6.562,39.491
218,64,1024,32.0,,261.4646666666667,11.64,273.1046666666667,,32.929,6.562,39.491
219,64,1024,64.0,,134.76166666666666,7.523666666666666,142.2853333333333,,32.929,6.562,39.491
220,64,1024,96.0,,82.14800000000001,6.1739999999999995,88.322,,32.929,6.562,39.491
221,64,1024,304.0,,32.929,6.562,39.491,,32.929,6.562,39.491
222,64,2048,128.0,,99.02666666666669,5.760000000000001,104.78666666666669,,44.595666666666666,4.503666666666667,49.099333333333334
223,64,2048,160.0,,81.57333333333334,5.479333333333334,87.05266666666667,,44.595666666666666,4.503666666666667,49.099333333333334
224,64,2048,32.0,,412.00966666666665,11.68,423.68966666666665,,44.595666666666666,4.503666666666667,49.099333333333334
225,64,2048,64.0,,206.86033333333333,7.443666666666666,214.304,,44.595666666666666,4.503666666666667,49.099333333333334
226,64,2048,96.0,,125.70099999999998,6.321000000000001,132.022,,44.595666666666666,4.503666666666667,49.099333333333334
227,64,2048,304.0,,44.595666666666666,4.503666666666667,49.099333333333334,,44.595666666666666,4.503666666666667,49.099333333333334
228,64,256,128.0,,26.393666666666665,6.093666666666667,32.48733333333333,,13.363999999999999,5.6129999999999995,18.976999999999997
229,64,256,160.0,,21.543000000000003,5.986999999999999,27.53,,13.363999999999999,5.6129999999999995,18.976999999999997
230,64,256,32.0,,103.78399999999999,11.266,115.05,,13.363999999999999,5.6129999999999995,18.976999999999997
231,64,256,64.0,,54.81866666666667,8.084999999999999,62.90366666666667,,13.363999999999999,5.6129999999999995,18.976999999999997
232,64,256,96.0,,33.784,7.577333333333333,41.361333333333334,,13.363999999999999,5.6129999999999995,18.976999999999997
233,64,256,304.0,,13.363999999999999,5.6129999999999995,18.976999999999997,,13.363999999999999,5.6129999999999995,18.976999999999997
234,64,4096,128.0,,165.5653333333333,5.746666666666666,171.31199999999998,,69.38499999999999,4.517333333333333,73.90233333333333
235,64,4096,160.0,,133.679,5.506,139.185,,69.38499999999999,4.517333333333333,73.90233333333333
236,64,4096,32.0,,724.1370000000001,11.372666666666667,735.5096666666667,,69.38499999999999,4.517333333333333,73.90233333333333
237,64,4096,64.0,,352.59366666666665,7.537333333333334,360.131,,69.38499999999999,4.517333333333333,73.90233333333333
238,64,4096,96.0,,212.2456666666667,6.2139999999999995,218.4596666666667,,69.38499999999999,4.517333333333333,73.90233333333333
239,64,4096,304.0,,69.38499999999999,4.517333333333333,73.90233333333333,,69.38499999999999,4.517333333333333,73.90233333333333
240,64,512,128.0,,47.041333333333334,6.628333333333334,53.66966666666667,,21.208666666666666,4.864333333333334,26.073
241,64,512,160.0,,38.007,6.067,44.074,,21.208666666666666,4.864333333333334,26.073
242,64,512,32.0,,172.43433333333334,11.533000000000001,183.96733333333333,,21.208666666666666,4.864333333333334,26.073
243,64,512,64.0,,89.89933333333333,7.523666666666666,97.423,,21.208666666666666,4.864333333333334,26.073
244,64,512,96.0,,57.30433333333334,7.177,64.48133333333334,,21.208666666666666,4.864333333333334,26.073
245,64,512,304.0,,21.208666666666666,4.864333333333334,26.073,,21.208666666666666,4.864333333333334,26.073
246,64,8192,128.0,,300.5273333333333,6.120666666666668,306.64799999999997,,125.12599999999999,4.517,129.643
247,64,8192,160.0,,241.192,5.5056666666666665,246.69766666666666,,125.12599999999999,4.517,129.643
248,64,8192,32.0,,1331.8606666666667,11.733333333333334,1343.594,,125.12599999999999,4.517,129.643
249,64,8192,64.0,,648.8180000000001,8.018,656.8360000000001,,125.12599999999999,4.517,129.643
250,64,8192,96.0,,386.7246666666667,6.414666666666666,393.13933333333335,,125.12599999999999,4.517,129.643
251,64,8192,304.0,,125.12599999999999,4.517,129.643,,125.12599999999999,4.517,129.643
252,8,1024,128.0,,14.232333333333335,4.330333333333333,18.56266666666667,,11.68,4.41,16.09
253,8,1024,160.0,,10.303333333333333,3.9423333333333335,14.245666666666667,,11.68,4.41,16.09
254,8,1024,32.0,,36.925000000000004,4.37,41.295,,11.68,4.41,16.09
255,8,1024,64.0,,19.979,4.022333333333333,24.00133333333333,,11.68,4.41,16.09
256,8,1024,96.0,,15.903,3.9283333333333332,19.831333333333333,,11.68,4.41,16.09
257,8,1024,304.0,,11.68,4.41,16.09,,11.68,4.41,16.09
258,8,2048,128.0,,20.981333333333335,3.996,24.977333333333334,,13.77833333333333,4.249666666666666,18.028
259,8,2048,160.0,,12.522666666666666,4.289666666666666,16.81233333333333,,13.77833333333333,4.249666666666666,18.028
260,8,2048,32.0,,57.397999999999996,4.303,61.70099999999999,,13.77833333333333,4.249666666666666,18.028
261,8,2048,64.0,,29.975666666666665,4.196,34.17166666666667,,13.77833333333333,4.249666666666666,18.028
262,8,2048,96.0,,22.384666666666664,4.343,26.727666666666664,,13.77833333333333,4.249666666666666,18.028
263,8,2048,304.0,,13.77833333333333,4.249666666666666,18.028,,13.77833333333333,4.249666666666666,18.028
264,8,256,128.0,,6.361,4.37,10.731,,6.468,4.049,10.517
265,8,256,160.0,,6.388333333333333,3.982666666666667,10.370999999999999,,6.468,4.049,10.517
266,8,256,32.0,,16.237,4.477333333333333,20.714333333333332,,6.468,4.049,10.517
267,8,256,64.0,,9.876,4.3566666666666665,14.232666666666667,,6.468,4.049,10.517
268,8,256,96.0,,6.241333333333333,4.2763333333333335,10.517666666666667,,6.468,4.049,10.517
269,8,256,304.0,,6.468,4.049,10.517,,6.468,4.049,10.517
270,8,4096,128.0,,33.797,3.4346666666666663,37.23166666666666,,19.016666666666666,4.45,23.466666666666665
271,8,4096,160.0,,19.203999999999997,4.062333333333333,23.26633333333333,,19.016666666666666,4.45,23.466666666666665
272,8,4096,32.0,,97.61000000000001,4.517,102.12700000000001,,19.016666666666666,4.45,23.466666666666665
273,8,4096,64.0,,52.09266666666667,4.022333333333333,56.11500000000001,,19.016666666666666,4.45,23.466666666666665
274,8,4096,96.0,,34.639333333333326,3.8753333333333333,38.514666666666656,,19.016666666666666,4.45,23.466666666666665
275,8,4096,304.0,,19.016666666666666,4.45,23.466666666666665,,19.016666666666666,4.45,23.466666666666665
276,8,512,128.0,,10.156333333333334,3.7823333333333338,13.938666666666668,,7.4576666666666656,4.543666666666666,12.001333333333331
277,8,512,160.0,,8.219333333333333,4.142666666666666,12.361999999999998,,7.4576666666666656,4.543666666666666,12.001333333333331
278,8,512,32.0,,26.566999999999997,4.3566666666666665,30.923666666666662,,7.4576666666666656,4.543666666666666,12.001333333333331
279,8,512,64.0,,13.831999999999999,4.116333333333333,17.94833333333333,,7.4576666666666656,4.543666666666666,12.001333333333331
280,8,512,96.0,,10.17,3.875666666666667,14.045666666666667,,7.4576666666666656,4.543666666666666,12.001333333333331
281,8,512,304.0,,7.4576666666666656,4.543666666666666,12.001333333333331,,7.4576666666666656,4.543666666666666,12.001333333333331
282,8,8192,128.0,,62.836999999999996,4.530333333333334,67.36733333333333,,34.19833333333333,4.971333333333333,39.169666666666664
283,8,8192,160.0,,32.80833333333334,4.7973333333333334,37.60566666666667,,34.19833333333333,4.971333333333333,39.169666666666664
284,8,8192,32.0,,179.03666666666666,4.49,183.52666666666667,,34.19833333333333,4.971333333333333,39.169666666666664
285,8,8192,64.0,,92.25066666666665,4.677666666666666,96.92833333333331,,34.19833333333333,4.971333333333333,39.169666666666664
286,8,8192,96.0,,62.141999999999996,4.931333333333334,67.07333333333332,,34.19833333333333,4.971333333333333,39.169666666666664
287,8,8192,304.0,,34.19833333333333,4.971333333333333,39.169666666666664,,34.19833333333333,4.971333333333333,39.169666666666664
