,kernel,prefill_batch,prefill_len,decode_batch_size,decode_len,cu_mask,avg_duration_2d_us,avg_duration_3d_us,avg_duration_reduce_segment_us,avg_decode_duration_us,avg_duration_2d_us_baseline,avg_duration_3d_us_baseline,avg_duration_reduce_segment_us_baseline,avg_decode_duration_us_baseline
0,2d,1,2048,128,1024,32.0,335.62100000000004,,,335.62100000000004,59.669999999999995,,,59.669999999999995
1,2d,1,2048,128,1024,32.0,335.62100000000004,,,335.62100000000004,,55.56733333333333,5.919999999999999,61.48733333333333
2,2d,1,2048,128,1024,304.0,59.669999999999995,,,59.669999999999995,59.669999999999995,,,59.669999999999995
3,2d,1,2048,128,1024,304.0,59.669999999999995,,,59.669999999999995,,55.56733333333333,5.919999999999999,61.48733333333333
4,2d,1,2048,128,2048,32.0,647.3613333333334,,,647.3613333333334,111.96300000000001,,,111.96300000000001
5,2d,1,2048,128,2048,32.0,647.3613333333334,,,647.3613333333334,,82.081,5.786666666666666,87.86766666666666
6,2d,1,2048,128,2048,304.0,111.96300000000001,,,111.96300000000001,111.96300000000001,,,111.96300000000001
7,2d,1,2048,128,2048,304.0,111.96300000000001,,,111.96300000000001,,82.081,5.786666666666666,87.86766666666666
8,2d,1,2048,128,256,32.0,101.57933333333334,,,101.57933333333334,20.941333333333333,,,20.941333333333333
9,2d,1,2048,128,256,32.0,101.57933333333334,,,101.57933333333334,,24.52266666666667,7.670999999999999,32.19366666666667
10,2d,1,2048,128,256,304.0,20.941333333333333,,,20.941333333333333,20.941333333333333,,,20.941333333333333
11,2d,1,2048,128,256,304.0,20.941333333333333,,,20.941333333333333,,24.52266666666667,7.670999999999999,32.19366666666667
12,2d,1,2048,128,4096,32.0,1271.0549999999998,,,1271.0549999999998,216.40166666666667,,,216.40166666666667
13,2d,1,2048,128,4096,32.0,1271.0549999999998,,,1271.0549999999998,,134.655,5.839666666666666,140.49466666666666
14,2d,1,2048,128,4096,304.0,216.40166666666667,,,216.40166666666667,216.40166666666667,,,216.40166666666667
15,2d,1,2048,128,4096,304.0,216.40166666666667,,,216.40166666666667,,134.655,5.839666666666666,140.49466666666666
16,2d,1,2048,128,512,32.0,179.62466666666663,,,179.62466666666663,33.04933333333333,,,33.04933333333333
17,2d,1,2048,128,512,32.0,179.62466666666663,,,179.62466666666663,,39.424,7.524,46.948
18,2d,1,2048,128,512,304.0,33.04933333333333,,,33.04933333333333,33.04933333333333,,,33.04933333333333
19,2d,1,2048,128,512,304.0,33.04933333333333,,,33.04933333333333,,39.424,7.524,46.948
20,2d,1,2048,16,1024,32.0,59.189,,,59.189,58.34633333333333,,,58.34633333333333
21,2d,1,2048,16,1024,32.0,59.189,,,59.189,,9.287999999999998,5.3053333333333335,14.593333333333332
22,2d,1,2048,16,1024,304.0,58.34633333333333,,,58.34633333333333,58.34633333333333,,,58.34633333333333
23,2d,1,2048,16,1024,304.0,58.34633333333333,,,58.34633333333333,,9.287999999999998,5.3053333333333335,14.593333333333332
24,2d,1,2048,16,2048,32.0,111.22833333333334,,,111.22833333333334,110.42633333333333,,,110.42633333333333
25,2d,1,2048,16,2048,32.0,111.22833333333334,,,111.22833333333334,,13.082999999999998,5.024333333333334,18.107333333333333
26,2d,1,2048,16,2048,304.0,110.42633333333333,,,110.42633333333333,110.42633333333333,,,110.42633333333333
27,2d,1,2048,16,2048,304.0,110.42633333333333,,,110.42633333333333,,13.082999999999998,5.024333333333334,18.107333333333333
28,2d,1,2048,16,256,32.0,19.81833333333333,,,19.81833333333333,19.25733333333333,,,19.25733333333333
29,2d,1,2048,16,256,32.0,19.81833333333333,,,19.81833333333333,,7.270333333333333,5.011666666666667,12.282
30,2d,1,2048,16,256,304.0,19.25733333333333,,,19.25733333333333,19.25733333333333,,,19.25733333333333
31,2d,1,2048,16,256,304.0,19.25733333333333,,,19.25733333333333,,7.270333333333333,5.011666666666667,12.282
32,2d,1,2048,16,4096,32.0,215.49300000000002,,,215.49300000000002,214.758,,,214.758
33,2d,1,2048,16,4096,32.0,215.49300000000002,,,215.49300000000002,,20.23333333333333,4.811333333333333,25.044666666666664
34,2d,1,2048,16,4096,304.0,214.758,,,214.758,214.758,,,214.758
35,2d,1,2048,16,4096,304.0,214.758,,,214.758,,20.23333333333333,4.811333333333333,25.044666666666664
36,2d,1,2048,16,512,32.0,33.156,,,33.156,32.10033333333333,,,32.10033333333333
37,2d,1,2048,16,512,32.0,33.156,,,33.156,,6.334666666666667,4.183,10.517666666666667
38,2d,1,2048,16,512,304.0,32.10033333333333,,,32.10033333333333,32.10033333333333,,,32.10033333333333
39,2d,1,2048,16,512,304.0,32.10033333333333,,,32.10033333333333,,6.334666666666667,4.183,10.517666666666667
40,2d,1,2048,1,1024,32.0,60.87266666666667,,,60.87266666666667,59.483000000000004,,,59.483000000000004
41,2d,1,2048,1,1024,32.0,60.87266666666667,,,60.87266666666667,,9.194,5.278666666666666,14.472666666666667
42,2d,1,2048,1,1024,304.0,59.483000000000004,,,59.483000000000004,59.483000000000004,,,59.483000000000004
43,2d,1,2048,1,1024,304.0,59.483000000000004,,,59.483000000000004,,9.194,5.278666666666666,14.472666666666667
44,2d,1,2048,1,2048,32.0,113.32566666666666,,,113.32566666666666,112.24333333333333,,,112.24333333333333
45,2d,1,2048,1,2048,32.0,113.32566666666666,,,113.32566666666666,,12.562,4.811,17.372999999999998
46,2d,1,2048,1,2048,304.0,112.24333333333333,,,112.24333333333333,112.24333333333333,,,112.24333333333333
47,2d,1,2048,1,2048,304.0,112.24333333333333,,,112.24333333333333,,12.562,4.811,17.372999999999998
48,2d,1,2048,1,256,32.0,21.689999999999998,,,21.689999999999998,19.792,,,19.792
49,2d,1,2048,1,256,32.0,21.689999999999998,,,21.689999999999998,,7.243333333333333,5.318666666666667,12.562000000000001
50,2d,1,2048,1,256,304.0,19.792,,,19.792,19.792,,,19.792
51,2d,1,2048,1,256,304.0,19.792,,,19.792,,7.243333333333333,5.318666666666667,12.562000000000001
52,2d,1,2048,1,4096,32.0,219.76966666666667,,,219.76966666666667,217.68466666666666,,,217.68466666666666
53,2d,1,2048,1,4096,32.0,219.76966666666667,,,219.76966666666667,,19.470666666666666,5.198666666666667,24.669333333333334
54,2d,1,2048,1,4096,304.0,217.68466666666666,,,217.68466666666666,217.68466666666666,,,217.68466666666666
55,2d,1,2048,1,4096,304.0,217.68466666666666,,,217.68466666666666,,19.470666666666666,5.198666666666667,24.669333333333334
56,2d,1,2048,1,512,32.0,33.851,,,33.851,32.754999999999995,,,32.754999999999995
57,2d,1,2048,1,512,32.0,33.851,,,33.851,,7.109666666666667,5.118333333333333,12.228
58,2d,1,2048,1,512,304.0,32.754999999999995,,,32.754999999999995,32.754999999999995,,,32.754999999999995
59,2d,1,2048,1,512,304.0,32.754999999999995,,,32.754999999999995,,7.109666666666667,5.118333333333333,12.228
60,2d,1,2048,256,1024,32.0,634.1846666666667,,,634.1846666666667,60.09733333333333,,,60.09733333333333
61,2d,1,2048,256,1024,32.0,634.1846666666667,,,634.1846666666667,,103.65066666666667,7.750666666666667,111.40133333333333
62,2d,1,2048,256,1024,304.0,60.09733333333333,,,60.09733333333333,60.09733333333333,,,60.09733333333333
63,2d,1,2048,256,1024,304.0,60.09733333333333,,,60.09733333333333,,103.65066666666667,7.750666666666667,111.40133333333333
64,2d,1,2048,256,2048,32.0,1222.6246666666666,,,1222.6246666666666,113.66000000000001,,,113.66000000000001
65,2d,1,2048,256,2048,32.0,1222.6246666666666,,,1222.6246666666666,,152.80300000000003,7.698,160.50100000000003
66,2d,1,2048,256,2048,304.0,113.66000000000001,,,113.66000000000001,113.66000000000001,,,113.66000000000001
67,2d,1,2048,256,2048,304.0,113.66000000000001,,,113.66000000000001,,152.80300000000003,7.698,160.50100000000003
68,2d,1,2048,256,256,32.0,192.093,,,192.093,19.858666666666664,,,19.858666666666664
69,2d,1,2048,256,256,32.0,192.093,,,192.093,,46.39966666666667,6.989666666666667,53.38933333333333
70,2d,1,2048,256,256,304.0,19.858666666666664,,,19.858666666666664,19.858666666666664,,,19.858666666666664
71,2d,1,2048,256,256,304.0,19.858666666666664,,,19.858666666666664,,46.39966666666667,6.989666666666667,53.38933333333333
72,2d,1,2048,256,4096,32.0,2400.025,,,2400.025,220.43733333333333,,,220.43733333333333
73,2d,1,2048,256,4096,32.0,2400.025,,,2400.025,,252.77833333333334,7.724666666666667,260.503
74,2d,1,2048,256,4096,304.0,220.43733333333333,,,220.43733333333333,220.43733333333333,,,220.43733333333333
75,2d,1,2048,256,4096,304.0,220.43733333333333,,,220.43733333333333,,252.77833333333334,7.724666666666667,260.503
76,2d,1,2048,256,512,32.0,339.64399999999995,,,339.64399999999995,33.476333333333336,,,33.476333333333336
77,2d,1,2048,256,512,32.0,339.64399999999995,,,339.64399999999995,,74.18266666666666,7.711333333333333,81.89399999999999
78,2d,1,2048,256,512,304.0,33.476333333333336,,,33.476333333333336,33.476333333333336,,,33.476333333333336
79,2d,1,2048,256,512,304.0,33.476333333333336,,,33.476333333333336,,74.18266666666666,7.711333333333333,81.89399999999999
80,2d,1,2048,32,1024,32.0,112.43066666666668,,,112.43066666666668,58.199999999999996,,,58.199999999999996
81,2d,1,2048,32,1024,32.0,112.43066666666668,,,112.43066666666668,,15.181,4.584,19.765
82,2d,1,2048,32,1024,304.0,58.199999999999996,,,58.199999999999996,58.199999999999996,,,58.199999999999996
83,2d,1,2048,32,1024,304.0,58.199999999999996,,,58.199999999999996,,15.181,4.584,19.765
84,2d,1,2048,32,2048,32.0,216.41533333333334,,,216.41533333333334,109.97166666666668,,,109.97166666666668
85,2d,1,2048,32,2048,32.0,216.41533333333334,,,216.41533333333334,,23.133,5.666333333333333,28.799333333333333
86,2d,1,2048,32,2048,304.0,109.97166666666668,,,109.97166666666668,109.97166666666668,,,109.97166666666668
87,2d,1,2048,32,2048,304.0,109.97166666666668,,,109.97166666666668,,23.133,5.666333333333333,28.799333333333333
88,2d,1,2048,32,256,32.0,34.184666666666665,,,34.184666666666665,18.695666666666668,,,18.695666666666668
89,2d,1,2048,32,256,32.0,34.184666666666665,,,34.184666666666665,,6.815666666666668,4.356999999999999,11.172666666666668
90,2d,1,2048,32,256,304.0,18.695666666666668,,,18.695666666666668,18.695666666666668,,,18.695666666666668
91,2d,1,2048,32,256,304.0,18.695666666666668,,,18.695666666666668,,6.815666666666668,4.356999999999999,11.172666666666668
92,2d,1,2048,32,4096,32.0,424.4243333333333,,,424.4243333333333,214.93200000000002,,,214.93200000000002
93,2d,1,2048,32,4096,32.0,424.4243333333333,,,424.4243333333333,,36.416666666666664,5.158333333333332,41.574999999999996
94,2d,1,2048,32,4096,304.0,214.93200000000002,,,214.93200000000002,214.93200000000002,,,214.93200000000002
95,2d,1,2048,32,4096,304.0,214.93200000000002,,,214.93200000000002,,36.416666666666664,5.158333333333332,41.574999999999996
96,2d,1,2048,32,512,32.0,60.217999999999996,,,60.217999999999996,31.766000000000002,,,31.766000000000002
97,2d,1,2048,32,512,32.0,60.217999999999996,,,60.217999999999996,,11.906999999999998,5.051666666666667,16.958666666666666
98,2d,1,2048,32,512,304.0,31.766000000000002,,,31.766000000000002,31.766000000000002,,,31.766000000000002
99,2d,1,2048,32,512,304.0,31.766000000000002,,,31.766000000000002,,11.906999999999998,5.051666666666667,16.958666666666666
100,2d,1,2048,512,1024,32.0,1254.858,,,1254.858,118.685,,,118.685
101,2d,1,2048,512,1024,32.0,1254.858,,,1254.858,,196.48966666666664,11.76,208.24966666666663
102,2d,1,2048,512,1024,304.0,118.685,,,118.685,118.685,,,118.685
103,2d,1,2048,512,1024,304.0,118.685,,,118.685,,196.48966666666664,11.76,208.24966666666663
104,2d,1,2048,512,2048,32.0,2407.990333333333,,,2407.990333333333,225.0616666666667,,,225.0616666666667
105,2d,1,2048,512,2048,32.0,2407.990333333333,,,2407.990333333333,,297.1066666666666,11.653333333333334,308.75999999999993
106,2d,1,2048,512,2048,304.0,225.0616666666667,,,225.0616666666667,225.0616666666667,,,225.0616666666667
107,2d,1,2048,512,2048,304.0,225.0616666666667,,,225.0616666666667,,297.1066666666666,11.653333333333334,308.75999999999993
108,2d,1,2048,512,256,32.0,379.375,,,379.375,37.699333333333335,,,37.699333333333335
109,2d,1,2048,512,256,32.0,379.375,,,379.375,,91.70333333333332,11.145333333333333,102.84866666666665
110,2d,1,2048,512,256,304.0,37.699333333333335,,,37.699333333333335,37.699333333333335,,,37.699333333333335
111,2d,1,2048,512,256,304.0,37.699333333333335,,,37.699333333333335,,91.70333333333332,11.145333333333333,102.84866666666665
112,2d,1,2048,512,4096,32.0,4732.269,,,4732.269,440.52833333333336,,,440.52833333333336
113,2d,1,2048,512,4096,32.0,4732.269,,,4732.269,,500.3983333333333,11.787,512.1853333333333
114,2d,1,2048,512,4096,304.0,440.52833333333336,,,440.52833333333336,440.52833333333336,,,440.52833333333336
115,2d,1,2048,512,4096,304.0,440.52833333333336,,,440.52833333333336,,500.3983333333333,11.787,512.1853333333333
116,2d,1,2048,512,512,32.0,677.8443333333333,,,677.8443333333333,64.58800000000001,,,64.58800000000001
117,2d,1,2048,512,512,32.0,677.8443333333333,,,677.8443333333333,,137.421,11.6,149.021
118,2d,1,2048,512,512,304.0,64.58800000000001,,,64.58800000000001,64.58800000000001,,,64.58800000000001
119,2d,1,2048,512,512,304.0,64.58800000000001,,,64.58800000000001,,137.421,11.6,149.021
120,2d,1,2048,64,1024,32.0,168.29166666666666,,,168.29166666666666,58.614000000000004,,,58.614000000000004
121,2d,1,2048,64,1024,32.0,168.29166666666666,,,168.29166666666666,,28.94666666666667,5.078,34.02466666666667
122,2d,1,2048,64,1024,304.0,58.614000000000004,,,58.614000000000004,58.614000000000004,,,58.614000000000004
123,2d,1,2048,64,1024,304.0,58.614000000000004,,,58.614000000000004,,28.94666666666667,5.078,34.02466666666667
124,2d,1,2048,64,2048,32.0,324.0883333333333,,,324.0883333333333,110.29199999999999,,,110.29199999999999
125,2d,1,2048,64,2048,32.0,324.0883333333333,,,324.0883333333333,,43.058666666666674,5.064666666666667,48.12333333333334
126,2d,1,2048,64,2048,304.0,110.29199999999999,,,110.29199999999999,110.29199999999999,,,110.29199999999999
127,2d,1,2048,64,2048,304.0,110.29199999999999,,,110.29199999999999,,43.058666666666674,5.064666666666667,48.12333333333334
128,2d,1,2048,64,256,32.0,51.13033333333334,,,51.13033333333334,20.419999999999998,,,20.419999999999998
129,2d,1,2048,64,256,32.0,51.13033333333334,,,51.13033333333334,,12.735333333333335,5.693333333333334,18.42866666666667
130,2d,1,2048,64,256,304.0,20.419999999999998,,,20.419999999999998,20.419999999999998,,,20.419999999999998
131,2d,1,2048,64,256,304.0,20.419999999999998,,,20.419999999999998,,12.735333333333335,5.693333333333334,18.42866666666667
132,2d,1,2048,64,4096,32.0,636.082,,,636.082,214.99866666666665,,,214.99866666666665
133,2d,1,2048,64,4096,32.0,636.082,,,636.082,,70.094,4.5840000000000005,74.678
134,2d,1,2048,64,4096,304.0,214.99866666666665,,,214.99866666666665,214.99866666666665,,,214.99866666666665
135,2d,1,2048,64,4096,304.0,214.99866666666665,,,214.99866666666665,,70.094,4.5840000000000005,74.678
136,2d,1,2048,64,512,32.0,90.407,,,90.407,33.102,,,33.102
137,2d,1,2048,64,512,32.0,90.407,,,90.407,,21.516000000000002,6.200666666666667,27.71666666666667
138,2d,1,2048,64,512,304.0,33.102,,,33.102,33.102,,,33.102
139,2d,1,2048,64,512,304.0,33.102,,,33.102,,21.516000000000002,6.200666666666667,27.71666666666667
140,2d,1,2048,8,1024,32.0,58.84133333333333,,,58.84133333333333,58.961666666666666,,,58.961666666666666
141,2d,1,2048,8,1024,32.0,58.84133333333333,,,58.84133333333333,,9.261000000000001,5.145333333333333,14.406333333333334
142,2d,1,2048,8,1024,304.0,58.961666666666666,,,58.961666666666666,58.961666666666666,,,58.961666666666666
143,2d,1,2048,8,1024,304.0,58.961666666666666,,,58.961666666666666,,9.261000000000001,5.145333333333333,14.406333333333334
144,2d,1,2048,8,2048,32.0,109.918,,,109.918,110.132,,,110.132
145,2d,1,2048,8,2048,32.0,109.918,,,109.918,,13.123333333333333,5.358999999999999,18.482333333333333
146,2d,1,2048,8,2048,304.0,110.132,,,110.132,110.132,,,110.132
147,2d,1,2048,8,2048,304.0,110.132,,,110.132,,13.123333333333333,5.358999999999999,18.482333333333333
148,2d,1,2048,8,256,32.0,19.591,,,19.591,19.43166666666667,,,19.43166666666667
149,2d,1,2048,8,256,32.0,19.591,,,19.591,,7.056333333333332,5.038333333333333,12.094666666666665
150,2d,1,2048,8,256,304.0,19.43166666666667,,,19.43166666666667,19.43166666666667,,,19.43166666666667
151,2d,1,2048,8,256,304.0,19.43166666666667,,,19.43166666666667,,7.056333333333332,5.038333333333333,12.094666666666665
152,2d,1,2048,8,4096,32.0,215.49300000000002,,,215.49300000000002,214.6643333333333,,,214.6643333333333
153,2d,1,2048,8,4096,32.0,215.49300000000002,,,215.49300000000002,,19.671999999999997,5.024666666666667,24.696666666666665
154,2d,1,2048,8,4096,304.0,214.6643333333333,,,214.6643333333333,214.6643333333333,,,214.6643333333333
155,2d,1,2048,8,4096,304.0,214.6643333333333,,,214.6643333333333,,19.671999999999997,5.024666666666667,24.696666666666665
156,2d,1,2048,8,512,32.0,33.049,,,33.049,32.675000000000004,,,32.675000000000004
157,2d,1,2048,8,512,32.0,33.049,,,33.049,,7.297000000000001,5.025,12.322000000000001
158,2d,1,2048,8,512,304.0,32.675000000000004,,,32.675000000000004,32.675000000000004,,,32.675000000000004
159,2d,1,2048,8,512,304.0,32.675000000000004,,,32.675000000000004,,7.297000000000001,5.025,12.322000000000001
160,3d,1,2048,128,1024,32.0,,511.93133333333327,19.819,531.7503333333333,59.669999999999995,,,59.669999999999995
161,3d,1,2048,128,1024,32.0,,511.93133333333327,19.819,531.7503333333333,,55.56733333333333,5.919999999999999,61.48733333333333
162,3d,1,2048,128,1024,304.0,,55.56733333333333,5.919999999999999,61.48733333333333,59.669999999999995,,,59.669999999999995
163,3d,1,2048,128,1024,304.0,,55.56733333333333,5.919999999999999,61.48733333333333,,55.56733333333333,5.919999999999999,61.48733333333333
164,3d,1,2048,128,2048,32.0,,806.3249999999999,19.698666666666668,826.0236666666666,111.96300000000001,,,111.96300000000001
165,3d,1,2048,128,2048,32.0,,806.3249999999999,19.698666666666668,826.0236666666666,,82.081,5.786666666666666,87.86766666666666
166,3d,1,2048,128,2048,304.0,,82.081,5.786666666666666,87.86766666666666,111.96300000000001,,,111.96300000000001
167,3d,1,2048,128,2048,304.0,,82.081,5.786666666666666,87.86766666666666,,82.081,5.786666666666666,87.86766666666666
168,3d,1,2048,128,256,32.0,,202.316,19.431333333333335,221.74733333333333,20.941333333333333,,,20.941333333333333
169,3d,1,2048,128,256,32.0,,202.316,19.431333333333335,221.74733333333333,,24.52266666666667,7.670999999999999,32.19366666666667
170,3d,1,2048,128,256,304.0,,24.52266666666667,7.670999999999999,32.19366666666667,20.941333333333333,,,20.941333333333333
171,3d,1,2048,128,256,304.0,,24.52266666666667,7.670999999999999,32.19366666666667,,24.52266666666667,7.670999999999999,32.19366666666667
172,3d,1,2048,128,4096,32.0,,1392.827,19.671666666666667,1412.4986666666666,216.40166666666667,,,216.40166666666667
173,3d,1,2048,128,4096,32.0,,1392.827,19.671666666666667,1412.4986666666666,,134.655,5.839666666666666,140.49466666666666
174,3d,1,2048,128,4096,304.0,,134.655,5.839666666666666,140.49466666666666,216.40166666666667,,,216.40166666666667
175,3d,1,2048,128,4096,304.0,,134.655,5.839666666666666,140.49466666666666,,134.655,5.839666666666666,140.49466666666666
176,3d,1,2048,128,512,32.0,,338.6946666666667,19.632,358.3266666666667,33.04933333333333,,,33.04933333333333
177,3d,1,2048,128,512,32.0,,338.6946666666667,19.632,358.3266666666667,,39.424,7.524,46.948
178,3d,1,2048,128,512,304.0,,39.424,7.524,46.948,33.04933333333333,,,33.04933333333333
179,3d,1,2048,128,512,304.0,,39.424,7.524,46.948,,39.424,7.524,46.948
180,3d,1,2048,16,1024,32.0,,64.64066666666666,4.811,69.45166666666665,58.34633333333333,,,58.34633333333333
181,3d,1,2048,16,1024,32.0,,64.64066666666666,4.811,69.45166666666665,,9.287999999999998,5.3053333333333335,14.593333333333332
182,3d,1,2048,16,1024,304.0,,9.287999999999998,5.3053333333333335,14.593333333333332,58.34633333333333,,,58.34633333333333
183,3d,1,2048,16,1024,304.0,,9.287999999999998,5.3053333333333335,14.593333333333332,,9.287999999999998,5.3053333333333335,14.593333333333332
184,3d,1,2048,16,2048,32.0,,101.61899999999999,4.771,106.38999999999999,110.42633333333333,,,110.42633333333333
185,3d,1,2048,16,2048,32.0,,101.61899999999999,4.771,106.38999999999999,,13.082999999999998,5.024333333333334,18.107333333333333
186,3d,1,2048,16,2048,304.0,,13.082999999999998,5.024333333333334,18.107333333333333,110.42633333333333,,,110.42633333333333
187,3d,1,2048,16,2048,304.0,,13.082999999999998,5.024333333333334,18.107333333333333,,13.082999999999998,5.024333333333334,18.107333333333333
188,3d,1,2048,16,256,32.0,,26.393666666666665,5.439333333333334,31.833,19.25733333333333,,,19.25733333333333
189,3d,1,2048,16,256,32.0,,26.393666666666665,5.439333333333334,31.833,,7.270333333333333,5.011666666666667,12.282
190,3d,1,2048,16,256,304.0,,7.270333333333333,5.011666666666667,12.282,19.25733333333333,,,19.25733333333333
191,3d,1,2048,16,256,304.0,,7.270333333333333,5.011666666666667,12.282,,7.270333333333333,5.011666666666667,12.282
192,3d,1,2048,16,4096,32.0,,175.12066666666666,4.891,180.01166666666666,214.758,,,214.758
193,3d,1,2048,16,4096,32.0,,175.12066666666666,4.891,180.01166666666666,,20.23333333333333,4.811333333333333,25.044666666666664
194,3d,1,2048,16,4096,304.0,,20.23333333333333,4.811333333333333,25.044666666666664,214.758,,,214.758
195,3d,1,2048,16,4096,304.0,,20.23333333333333,4.811333333333333,25.044666666666664,,20.23333333333333,4.811333333333333,25.044666666666664
196,3d,1,2048,16,512,32.0,,42.845,8.017999999999999,50.863,32.10033333333333,,,32.10033333333333
197,3d,1,2048,16,512,32.0,,42.845,8.017999999999999,50.863,,6.334666666666667,4.183,10.517666666666667
198,3d,1,2048,16,512,304.0,,6.334666666666667,4.183,10.517666666666667,32.10033333333333,,,32.10033333333333
199,3d,1,2048,16,512,304.0,,6.334666666666667,4.183,10.517666666666667,,6.334666666666667,4.183,10.517666666666667
200,3d,1,2048,1,1024,32.0,,9.394666666666666,5.185333333333333,14.579999999999998,59.483000000000004,,,59.483000000000004
201,3d,1,2048,1,1024,32.0,,9.394666666666666,5.185333333333333,14.579999999999998,,9.194,5.278666666666666,14.472666666666667
202,3d,1,2048,1,1024,304.0,,9.194,5.278666666666666,14.472666666666667,59.483000000000004,,,59.483000000000004
203,3d,1,2048,1,1024,304.0,,9.194,5.278666666666666,14.472666666666667,,9.194,5.278666666666666,14.472666666666667
204,3d,1,2048,1,2048,32.0,,12.949999999999998,5.573,18.522999999999996,112.24333333333333,,,112.24333333333333
205,3d,1,2048,1,2048,32.0,,12.949999999999998,5.573,18.522999999999996,,12.562,4.811,17.372999999999998
206,3d,1,2048,1,2048,304.0,,12.562,4.811,17.372999999999998,112.24333333333333,,,112.24333333333333
207,3d,1,2048,1,2048,304.0,,12.562,4.811,17.372999999999998,,12.562,4.811,17.372999999999998
208,3d,1,2048,1,256,32.0,,7.242999999999999,5.545999999999999,12.788999999999998,19.792,,,19.792
209,3d,1,2048,1,256,32.0,,7.242999999999999,5.545999999999999,12.788999999999998,,7.243333333333333,5.318666666666667,12.562000000000001
210,3d,1,2048,1,256,304.0,,7.243333333333333,5.318666666666667,12.562000000000001,19.792,,,19.792
211,3d,1,2048,1,256,304.0,,7.243333333333333,5.318666666666667,12.562000000000001,,7.243333333333333,5.318666666666667,12.562000000000001
212,3d,1,2048,1,4096,32.0,,18.95,4.476999999999999,23.427,217.68466666666666,,,217.68466666666666
213,3d,1,2048,1,4096,32.0,,18.95,4.476999999999999,23.427,,19.470666666666666,5.198666666666667,24.669333333333334
214,3d,1,2048,1,4096,304.0,,19.470666666666666,5.198666666666667,24.669333333333334,217.68466666666666,,,217.68466666666666
215,3d,1,2048,1,4096,304.0,,19.470666666666666,5.198666666666667,24.669333333333334,,19.470666666666666,5.198666666666667,24.669333333333334
216,3d,1,2048,1,512,32.0,,7.350333333333334,4.356999999999999,11.707333333333334,32.754999999999995,,,32.754999999999995
217,3d,1,2048,1,512,32.0,,7.350333333333334,4.356999999999999,11.707333333333334,,7.109666666666667,5.118333333333333,12.228
218,3d,1,2048,1,512,304.0,,7.109666666666667,5.118333333333333,12.228,32.754999999999995,,,32.754999999999995
219,3d,1,2048,1,512,304.0,,7.109666666666667,5.118333333333333,12.228,,7.109666666666667,5.118333333333333,12.228
220,3d,1,2048,256,1024,32.0,,1033.151,36.48333333333334,1069.6343333333334,60.09733333333333,,,60.09733333333333
221,3d,1,2048,256,1024,32.0,,1033.151,36.48333333333334,1069.6343333333334,,103.65066666666667,7.750666666666667,111.40133333333333
222,3d,1,2048,256,1024,304.0,,103.65066666666667,7.750666666666667,111.40133333333333,60.09733333333333,,,60.09733333333333
223,3d,1,2048,256,1024,304.0,,103.65066666666667,7.750666666666667,111.40133333333333,,103.65066666666667,7.750666666666667,111.40133333333333
224,3d,1,2048,256,2048,32.0,,1622.4996666666666,35.93566666666667,1658.4353333333333,113.66000000000001,,,113.66000000000001
225,3d,1,2048,256,2048,32.0,,1622.4996666666666,35.93566666666667,1658.4353333333333,,152.80300000000003,7.698,160.50100000000003
226,3d,1,2048,256,2048,304.0,,152.80300000000003,7.698,160.50100000000003,113.66000000000001,,,113.66000000000001
227,3d,1,2048,256,2048,304.0,,152.80300000000003,7.698,160.50100000000003,,152.80300000000003,7.698,160.50100000000003
228,3d,1,2048,256,256,32.0,,412.9046666666666,35.62833333333333,448.53299999999996,19.858666666666664,,,19.858666666666664
229,3d,1,2048,256,256,32.0,,412.9046666666666,35.62833333333333,448.53299999999996,,46.39966666666667,6.989666666666667,53.38933333333333
230,3d,1,2048,256,256,304.0,,46.39966666666667,6.989666666666667,53.38933333333333,19.858666666666664,,,19.858666666666664
231,3d,1,2048,256,256,304.0,,46.39966666666667,6.989666666666667,53.38933333333333,,46.39966666666667,6.989666666666667,53.38933333333333
232,3d,1,2048,256,4096,32.0,,2783.7696666666666,35.922333333333334,2819.692,220.43733333333333,,,220.43733333333333
233,3d,1,2048,256,4096,32.0,,2783.7696666666666,35.922333333333334,2819.692,,252.77833333333334,7.724666666666667,260.503
234,3d,1,2048,256,4096,304.0,,252.77833333333334,7.724666666666667,260.503,220.43733333333333,,,220.43733333333333
235,3d,1,2048,256,4096,304.0,,252.77833333333334,7.724666666666667,260.503,,252.77833333333334,7.724666666666667,260.503
236,3d,1,2048,256,512,32.0,,682.8826666666668,36.550000000000004,719.4326666666667,33.476333333333336,,,33.476333333333336
237,3d,1,2048,256,512,32.0,,682.8826666666668,36.550000000000004,719.4326666666667,,74.18266666666666,7.711333333333333,81.89399999999999
238,3d,1,2048,256,512,304.0,,74.18266666666666,7.711333333333333,81.89399999999999,33.476333333333336,,,33.476333333333336
239,3d,1,2048,256,512,304.0,,74.18266666666666,7.711333333333333,81.89399999999999,,74.18266666666666,7.711333333333333,81.89399999999999
240,3d,1,2048,32,1024,32.0,,127.85266666666666,6.8020000000000005,134.65466666666666,58.199999999999996,,,58.199999999999996
241,3d,1,2048,32,1024,32.0,,127.85266666666666,6.8020000000000005,134.65466666666666,,15.181,4.584,19.765
242,3d,1,2048,32,1024,304.0,,15.181,4.584,19.765,58.199999999999996,,,58.199999999999996
243,3d,1,2048,32,1024,304.0,,15.181,4.584,19.765,,15.181,4.584,19.765
244,3d,1,2048,32,2048,32.0,,201.1,6.6819999999999995,207.78199999999998,109.97166666666668,,,109.97166666666668
245,3d,1,2048,32,2048,32.0,,201.1,6.6819999999999995,207.78199999999998,,23.133,5.666333333333333,28.799333333333333
246,3d,1,2048,32,2048,304.0,,23.133,5.666333333333333,28.799333333333333,109.97166666666668,,,109.97166666666668
247,3d,1,2048,32,2048,304.0,,23.133,5.666333333333333,28.799333333333333,,23.133,5.666333333333333,28.799333333333333
248,3d,1,2048,32,256,32.0,,49.94133333333334,6.788333333333334,56.729666666666674,18.695666666666668,,,18.695666666666668
249,3d,1,2048,32,256,32.0,,49.94133333333334,6.788333333333334,56.729666666666674,,6.815666666666668,4.356999999999999,11.172666666666668
250,3d,1,2048,32,256,304.0,,6.815666666666668,4.356999999999999,11.172666666666668,18.695666666666668,,,18.695666666666668
251,3d,1,2048,32,256,304.0,,6.815666666666668,4.356999999999999,11.172666666666668,,6.815666666666668,4.356999999999999,11.172666666666668
252,3d,1,2048,32,4096,32.0,,348.54400000000004,6.748666666666666,355.2926666666667,214.93200000000002,,,214.93200000000002
253,3d,1,2048,32,4096,32.0,,348.54400000000004,6.748666666666666,355.2926666666667,,36.416666666666664,5.158333333333332,41.574999999999996
254,3d,1,2048,32,4096,304.0,,36.416666666666664,5.158333333333332,41.574999999999996,214.93200000000002,,,214.93200000000002
255,3d,1,2048,32,4096,304.0,,36.416666666666664,5.158333333333332,41.574999999999996,,36.416666666666664,5.158333333333332,41.574999999999996
256,3d,1,2048,32,512,32.0,,85.48899999999999,6.708666666666667,92.19766666666666,31.766000000000002,,,31.766000000000002
257,3d,1,2048,32,512,32.0,,85.48899999999999,6.708666666666667,92.19766666666666,,11.906999999999998,5.051666666666667,16.958666666666666
258,3d,1,2048,32,512,304.0,,11.906999999999998,5.051666666666667,16.958666666666666,31.766000000000002,,,31.766000000000002
259,3d,1,2048,32,512,304.0,,11.906999999999998,5.051666666666667,16.958666666666666,,11.906999999999998,5.051666666666667,16.958666666666666
260,3d,1,2048,512,1024,32.0,,2075.763333333333,71.01566666666666,2146.7789999999995,118.685,,,118.685
261,3d,1,2048,512,1024,32.0,,2075.763333333333,71.01566666666666,2146.7789999999995,,196.48966666666664,11.76,208.24966666666663
262,3d,1,2048,512,1024,304.0,,196.48966666666664,11.76,208.24966666666663,118.685,,,118.685
263,3d,1,2048,512,1024,304.0,,196.48966666666664,11.76,208.24966666666663,,196.48966666666664,11.76,208.24966666666663
264,3d,1,2048,512,2048,32.0,,3243.876666666667,70.93533333333333,3314.8120000000004,225.0616666666667,,,225.0616666666667
265,3d,1,2048,512,2048,32.0,,3243.876666666667,70.93533333333333,3314.8120000000004,,297.1066666666666,11.653333333333334,308.75999999999993
266,3d,1,2048,512,2048,304.0,,297.1066666666666,11.653333333333334,308.75999999999993,225.0616666666667,,,225.0616666666667
267,3d,1,2048,512,2048,304.0,,297.1066666666666,11.653333333333334,308.75999999999993,,297.1066666666666,11.653333333333334,308.75999999999993
268,3d,1,2048,512,256,32.0,,860.5426666666666,69.47933333333333,930.0219999999999,37.699333333333335,,,37.699333333333335
269,3d,1,2048,512,256,32.0,,860.5426666666666,69.47933333333333,930.0219999999999,,91.70333333333332,11.145333333333333,102.84866666666665
270,3d,1,2048,512,256,304.0,,91.70333333333332,11.145333333333333,102.84866666666665,37.699333333333335,,,37.699333333333335
271,3d,1,2048,512,256,304.0,,91.70333333333332,11.145333333333333,102.84866666666665,,91.70333333333332,11.145333333333333,102.84866666666665
272,3d,1,2048,512,4096,32.0,,5581.171333333333,70.93566666666668,5652.106999999999,440.52833333333336,,,440.52833333333336
273,3d,1,2048,512,4096,32.0,,5581.171333333333,70.93566666666668,5652.106999999999,,500.3983333333333,11.787,512.1853333333333
274,3d,1,2048,512,4096,304.0,,500.3983333333333,11.787,512.1853333333333,440.52833333333336,,,440.52833333333336
275,3d,1,2048,512,4096,304.0,,500.3983333333333,11.787,512.1853333333333,,500.3983333333333,11.787,512.1853333333333
276,3d,1,2048,512,512,32.0,,1381.6950000000004,82.20133333333332,1463.8963333333338,64.58800000000001,,,64.58800000000001
277,3d,1,2048,512,512,32.0,,1381.6950000000004,82.20133333333332,1463.8963333333338,,137.421,11.6,149.021
278,3d,1,2048,512,512,304.0,,137.421,11.6,149.021,64.58800000000001,,,64.58800000000001
279,3d,1,2048,512,512,304.0,,137.421,11.6,149.021,,137.421,11.6,149.021
280,3d,1,2048,64,1024,32.0,,254.71599999999998,11.319333333333333,266.0353333333333,58.614000000000004,,,58.614000000000004
281,3d,1,2048,64,1024,32.0,,254.71599999999998,11.319333333333333,266.0353333333333,,28.94666666666667,5.078,34.02466666666667
282,3d,1,2048,64,1024,304.0,,28.94666666666667,5.078,34.02466666666667,58.614000000000004,,,58.614000000000004
283,3d,1,2048,64,1024,304.0,,28.94666666666667,5.078,34.02466666666667,,28.94666666666667,5.078,34.02466666666667
284,3d,1,2048,64,2048,32.0,,401.62566666666663,11.198999999999998,412.82466666666664,110.29199999999999,,,110.29199999999999
285,3d,1,2048,64,2048,32.0,,401.62566666666663,11.198999999999998,412.82466666666664,,43.058666666666674,5.064666666666667,48.12333333333334
286,3d,1,2048,64,2048,304.0,,43.058666666666674,5.064666666666667,48.12333333333334,110.29199999999999,,,110.29199999999999
287,3d,1,2048,64,2048,304.0,,43.058666666666674,5.064666666666667,48.12333333333334,,43.058666666666674,5.064666666666667,48.12333333333334
288,3d,1,2048,64,256,32.0,,99.61433333333332,11.225999999999999,110.84033333333332,20.419999999999998,,,20.419999999999998
289,3d,1,2048,64,256,32.0,,99.61433333333332,11.225999999999999,110.84033333333332,,12.735333333333335,5.693333333333334,18.42866666666667
290,3d,1,2048,64,256,304.0,,12.735333333333335,5.693333333333334,18.42866666666667,20.419999999999998,,,20.419999999999998
291,3d,1,2048,64,256,304.0,,12.735333333333335,5.693333333333334,18.42866666666667,,12.735333333333335,5.693333333333334,18.42866666666667
292,3d,1,2048,64,4096,32.0,,694.8299999999999,11.185333333333332,706.0153333333333,214.99866666666665,,,214.99866666666665
293,3d,1,2048,64,4096,32.0,,694.8299999999999,11.185333333333332,706.0153333333333,,70.094,4.5840000000000005,74.678
294,3d,1,2048,64,4096,304.0,,70.094,4.5840000000000005,74.678,214.99866666666665,,,214.99866666666665
295,3d,1,2048,64,4096,304.0,,70.094,4.5840000000000005,74.678,,70.094,4.5840000000000005,74.678
296,3d,1,2048,64,512,32.0,,168.546,11.185333333333332,179.73133333333334,33.102,,,33.102
297,3d,1,2048,64,512,32.0,,168.546,11.185333333333332,179.73133333333334,,21.516000000000002,6.200666666666667,27.71666666666667
298,3d,1,2048,64,512,304.0,,21.516000000000002,6.200666666666667,27.71666666666667,33.102,,,33.102
299,3d,1,2048,64,512,304.0,,21.516000000000002,6.200666666666667,27.71666666666667,,21.516000000000002,6.200666666666667,27.71666666666667
300,3d,1,2048,8,1024,32.0,,35.45433333333333,6.240666666666667,41.695,58.961666666666666,,,58.961666666666666
301,3d,1,2048,8,1024,32.0,,35.45433333333333,6.240666666666667,41.695,,9.261000000000001,5.145333333333333,14.406333333333334
302,3d,1,2048,8,1024,304.0,,9.261000000000001,5.145333333333333,14.406333333333334,58.961666666666666,,,58.961666666666666
303,3d,1,2048,8,1024,304.0,,9.261000000000001,5.145333333333333,14.406333333333334,,9.261000000000001,5.145333333333333,14.406333333333334
304,3d,1,2048,8,2048,32.0,,55.888,5.358999999999999,61.247,110.132,,,110.132
305,3d,1,2048,8,2048,32.0,,55.888,5.358999999999999,61.247,,13.123333333333333,5.358999999999999,18.482333333333333
306,3d,1,2048,8,2048,304.0,,13.123333333333333,5.358999999999999,18.482333333333333,110.132,,,110.132
307,3d,1,2048,8,2048,304.0,,13.123333333333333,5.358999999999999,18.482333333333333,,13.123333333333333,5.358999999999999,18.482333333333333
308,3d,1,2048,8,256,32.0,,13.778333333333334,4.637333333333333,18.415666666666667,19.43166666666667,,,19.43166666666667
309,3d,1,2048,8,256,32.0,,13.778333333333334,4.637333333333333,18.415666666666667,,7.056333333333332,5.038333333333333,12.094666666666665
310,3d,1,2048,8,256,304.0,,7.056333333333332,5.038333333333333,12.094666666666665,19.43166666666667,,,19.43166666666667
311,3d,1,2048,8,256,304.0,,7.056333333333332,5.038333333333333,12.094666666666665,,7.056333333333332,5.038333333333333,12.094666666666665
312,3d,1,2048,8,4096,32.0,,96.03300000000002,4.624333333333333,100.65733333333336,214.6643333333333,,,214.6643333333333
313,3d,1,2048,8,4096,32.0,,96.03300000000002,4.624333333333333,100.65733333333336,,19.671999999999997,5.024666666666667,24.696666666666665
314,3d,1,2048,8,4096,304.0,,19.671999999999997,5.024666666666667,24.696666666666665,214.6643333333333,,,214.6643333333333
315,3d,1,2048,8,4096,304.0,,19.671999999999997,5.024666666666667,24.696666666666665,,19.671999999999997,5.024666666666667,24.696666666666665
316,3d,1,2048,8,512,32.0,,23.733999999999998,4.744000000000001,28.477999999999998,32.675000000000004,,,32.675000000000004
317,3d,1,2048,8,512,32.0,,23.733999999999998,4.744000000000001,28.477999999999998,,7.297000000000001,5.025,12.322000000000001
318,3d,1,2048,8,512,304.0,,7.297000000000001,5.025,12.322000000000001,32.675000000000004,,,32.675000000000004
319,3d,1,2048,8,512,304.0,,7.297000000000001,5.025,12.322000000000001,,7.297000000000001,5.025,12.322000000000001
