,prefill_batch,prefill_len,cu_mask,avg_duration_2d_us,avg_duration_3d_us,avg_duration_reduce_segment_us,avg_prefill_duration_us,avg_duration_2d_us_baseline,avg_duration_3d_us_baseline,avg_duration_reduce_segment_us_baseline,avg_prefill_duration_us_baseline
0,16,1024,128.0,2775.658,,,2775.658,1660.4529999999997,,,1660.4529999999997
1,16,1024,160.0,3436.1560000000004,,,3436.1560000000004,1660.4529999999997,,,1660.4529999999997
2,16,1024,32.0,1811.8793333333333,,,1811.8793333333333,1660.4529999999997,,,1660.4529999999997
3,16,1024,64.0,2007.7806666666665,,,2007.7806666666665,1660.4529999999997,,,1660.4529999999997
4,16,1024,96.0,2334.6486666666665,,,2334.6486666666665,1660.4529999999997,,,1660.4529999999997
5,16,1024,304.0,1660.4529999999997,,,1660.4529999999997,1660.4529999999997,,,1660.4529999999997
6,16,2048,128.0,10755.209666666668,,,10755.209666666668,6302.955666666666,,,6302.955666666666
7,16,2048,160.0,13331.664999999999,,,13331.664999999999,6302.955666666666,,,6302.955666666666
8,16,2048,32.0,6837.231666666667,,,6837.231666666667,6302.955666666666,,,6302.955666666666
9,16,2048,64.0,7757.109333333334,,,7757.109333333334,6302.955666666666,,,6302.955666666666
10,16,2048,96.0,8930.822,,,8930.822,6302.955666666666,,,6302.955666666666
11,16,2048,304.0,6302.955666666666,,,6302.955666666666,6302.955666666666,,,6302.955666666666
12,16,256,128.0,224.34,,,224.34,123.817,,,123.817
13,16,256,160.0,273.1046666666667,,,273.1046666666667,123.817,,,123.817
14,16,256,32.0,139.66666666666666,,,139.66666666666666,123.817,,,123.817
15,16,256,64.0,157.641,,,157.641,123.817,,,123.817
16,16,256,96.0,189.80766666666668,,,189.80766666666668,123.817,,,123.817
17,16,256,304.0,123.817,,,123.817,123.817,,,123.817
18,16,4096,128.0,42087.49,,,42087.49,24687.743333333332,,,24687.743333333332
19,16,4096,160.0,52229.295333333335,,,52229.295333333335,24687.743333333332,,,24687.743333333332
20,16,4096,32.0,26978.717999999997,,,26978.717999999997,24687.743333333332,,,24687.743333333332
21,16,4096,64.0,30299.543333333335,,,30299.543333333335,24687.743333333332,,,24687.743333333332
22,16,4096,96.0,35144.015666666666,,,35144.015666666666,24687.743333333332,,,24687.743333333332
23,16,4096,304.0,24687.743333333332,,,24687.743333333332,24687.743333333332,,,24687.743333333332
24,16,512,128.0,757.1723333333333,,,757.1723333333333,437.08,,,437.08
25,16,512,160.0,946.7263333333334,,,946.7263333333334,437.08,,,437.08
26,16,512,32.0,498.15299999999996,,,498.15299999999996,437.08,,,437.08
27,16,512,64.0,551.3816666666667,,,551.3816666666667,437.08,,,437.08
28,16,512,96.0,645.557,,,645.557,437.08,,,437.08
29,16,512,304.0,437.08,,,437.08,437.08,,,437.08
30,16,8192,128.0,166930.547,,,166930.547,98689.75233333332,,,98689.75233333332
31,16,8192,160.0,207767.97066666666,,,207767.97066666666,98689.75233333332,,,98689.75233333332
32,16,8192,32.0,107251.38299999999,,,107251.38299999999,98689.75233333332,,,98689.75233333332
33,16,8192,64.0,120324.07966666667,,,120324.07966666667,98689.75233333332,,,98689.75233333332
34,16,8192,96.0,139642.52233333333,,,139642.52233333333,98689.75233333332,,,98689.75233333332
35,16,8192,304.0,98689.75233333332,,,98689.75233333332,98689.75233333332,,,98689.75233333332
36,1,1024,128.0,233.13333333333335,,,233.13333333333335,122.28000000000002,,,122.28000000000002
37,1,1024,160.0,235.47233333333335,,,235.47233333333335,122.28000000000002,,,122.28000000000002
38,1,1024,32.0,120.529,,,120.529,122.28000000000002,,,122.28000000000002
39,1,1024,64.0,178.75566666666668,,,178.75566666666668,122.28000000000002,,,122.28000000000002
40,1,1024,96.0,177.36566666666667,,,177.36566666666667,122.28000000000002,,,122.28000000000002
41,1,1024,304.0,122.28000000000002,,,122.28000000000002,122.28000000000002,,,122.28000000000002
42,1,2048,128.0,784.9563333333334,,,784.9563333333334,457.647,,,457.647
43,1,2048,160.0,904.189,,,904.189,457.647,,,457.647
44,1,2048,32.0,456.69866666666667,,,456.69866666666667,457.647,,,457.647
45,1,2048,64.0,563.5966666666667,,,563.5966666666667,457.647,,,457.647
46,1,2048,96.0,680.8916666666668,,,680.8916666666668,457.647,,,457.647
47,1,2048,304.0,457.647,,,457.647,457.647,,,457.647
48,1,256,128.0,21.328666666666667,,,21.328666666666667,21.355666666666664,,,21.355666666666664
49,1,256,160.0,21.50266666666667,,,21.50266666666667,21.355666666666664,,,21.355666666666664
50,1,256,32.0,20.16633333333333,,,20.16633333333333,21.355666666666664,,,21.355666666666664
51,1,256,64.0,21.703000000000003,,,21.703000000000003,21.355666666666664,,,21.355666666666664
52,1,256,96.0,22.625333333333334,,,22.625333333333334,21.355666666666664,,,21.355666666666664
53,1,256,304.0,21.355666666666664,,,21.355666666666664,21.355666666666664,,,21.355666666666664
54,1,4096,128.0,2859.0490000000004,,,2859.0490000000004,1669.714,,,1669.714
55,1,4096,160.0,3507.573,,,3507.573,1669.714,,,1669.714
56,1,4096,32.0,1813.296,,,1813.296,1669.714,,,1669.714
57,1,4096,64.0,2003.1973333333333,,,2003.1973333333333,1669.714,,,1669.714
58,1,4096,96.0,2430.949666666667,,,2430.949666666667,1669.714,,,1669.714
59,1,4096,304.0,1669.714,,,1669.714,1669.714,,,1669.714
60,1,512,128.0,65.02833333333334,,,65.02833333333334,37.486,,,37.486
61,1,512,160.0,64.053,,,64.053,37.486,,,37.486
62,1,512,32.0,35.468,,,35.468,37.486,,,37.486
63,1,512,64.0,66.9,,,66.9,37.486,,,37.486
64,1,512,96.0,67.03333333333332,,,67.03333333333332,37.486,,,37.486
65,1,512,304.0,37.486,,,37.486,37.486,,,37.486
66,1,8192,128.0,10934.741333333333,,,10934.741333333333,6493.298666666667,,,6493.298666666667
67,1,8192,160.0,13494.265666666666,,,13494.265666666666,6493.298666666667,,,6493.298666666667
68,1,8192,32.0,7153.061666666667,,,7153.061666666667,6493.298666666667,,,6493.298666666667
69,1,8192,64.0,7930.319666666667,,,7930.319666666667,6493.298666666667,,,6493.298666666667
70,1,8192,96.0,9221.902,,,9221.902,6493.298666666667,,,6493.298666666667
71,1,8192,304.0,6493.298666666667,,,6493.298666666667,6493.298666666667,,,6493.298666666667
72,4,1024,128.0,747.3636666666667,,,747.3636666666667,410.5396666666666,,,410.5396666666666
73,4,1024,160.0,903.6543333333334,,,903.6543333333334,410.5396666666666,,,410.5396666666666
74,4,1024,32.0,466.60099999999994,,,466.60099999999994,410.5396666666666,,,410.5396666666666
75,4,1024,64.0,519.8829999999999,,,519.8829999999999,410.5396666666666,,,410.5396666666666
76,4,1024,96.0,638.7683333333334,,,638.7683333333334,410.5396666666666,,,410.5396666666666
77,4,1024,304.0,410.5396666666666,,,410.5396666666666,410.5396666666666,,,410.5396666666666
78,4,2048,128.0,2743.972,,,2743.972,1652.835,,,1652.835
79,4,2048,160.0,3380.575666666667,,,3380.575666666667,1652.835,,,1652.835
80,4,2048,32.0,1821.0070000000003,,,1821.0070000000003,1652.835,,,1652.835
81,4,2048,64.0,2004.026,,,2004.026,1652.835,,,1652.835
82,4,2048,96.0,2313.5203333333334,,,2313.5203333333334,1652.835,,,1652.835
83,4,2048,304.0,1652.835,,,1652.835,1652.835,,,1652.835
84,4,256,128.0,71.457,,,71.457,37.793,,,37.793
85,4,256,160.0,71.18933333333334,,,71.18933333333334,37.793,,,37.793
86,4,256,32.0,39.784,,,39.784,37.793,,,37.793
87,4,256,64.0,56.36866666666666,,,56.36866666666666,37.793,,,37.793
88,4,256,96.0,54.564666666666675,,,54.564666666666675,37.793,,,37.793
89,4,256,304.0,37.793,,,37.793,37.793,,,37.793
90,4,4096,128.0,10568.167666666666,,,10568.167666666666,6217.360000000001,,,6217.360000000001
91,4,4096,160.0,13095.136666666667,,,13095.136666666667,6217.360000000001,,,6217.360000000001
92,4,4096,32.0,6852.426666666666,,,6852.426666666666,6217.360000000001,,,6217.360000000001
93,4,4096,64.0,7619.636333333333,,,7619.636333333333,6217.360000000001,,,6217.360000000001
94,4,4096,96.0,8882.846,,,8882.846,6217.360000000001,,,6217.360000000001
95,4,4096,304.0,6217.360000000001,,,6217.360000000001,6217.360000000001,,,6217.360000000001
96,4,512,128.0,215.2793333333333,,,215.2793333333333,128.15933333333334,,,128.15933333333334
97,4,512,160.0,244.466,,,244.466,128.15933333333334,,,128.15933333333334
98,4,512,32.0,124.79199999999999,,,124.79199999999999,128.15933333333334,,,128.15933333333334
99,4,512,64.0,156.70533333333333,,,156.70533333333333,128.15933333333334,,,128.15933333333334
100,4,512,96.0,185.9186666666667,,,185.9186666666667,128.15933333333334,,,128.15933333333334
101,4,512,304.0,128.15933333333334,,,128.15933333333334,128.15933333333334,,,128.15933333333334
102,4,8192,128.0,42112.10466666667,,,42112.10466666667,24487.51066666667,,,24487.51066666667
103,4,8192,160.0,52037.736000000004,,,52037.736000000004,24487.51066666667,,,24487.51066666667
104,4,8192,32.0,26881.815333333336,,,26881.815333333336,24487.51066666667,,,24487.51066666667
105,4,8192,64.0,30462.395,,,30462.395,24487.51066666667,,,24487.51066666667
106,4,8192,96.0,34992.81533333333,,,34992.81533333333,24487.51066666667,,,24487.51066666667
107,4,8192,304.0,24487.51066666667,,,24487.51066666667,24487.51066666667,,,24487.51066666667
108,8,1024,128.0,1426.6376666666667,,,1426.6376666666667,830.861,,,830.861
109,8,1024,160.0,1756.0446666666667,,,1756.0446666666667,830.861,,,830.861
110,8,1024,32.0,946.8866666666667,,,946.8866666666667,830.861,,,830.861
111,8,1024,64.0,1029.0613333333333,,,1029.0613333333333,830.861,,,830.861
112,8,1024,96.0,1197.981,,,1197.981,830.861,,,830.861
113,8,1024,304.0,830.861,,,830.861,830.861,,,830.861
114,8,2048,128.0,5368.083,,,5368.083,3233.5856666666664,,,3233.5856666666664
115,8,2048,160.0,6657.834333333333,,,6657.834333333333,3233.5856666666664,,,3233.5856666666664
116,8,2048,32.0,3507.3590000000004,,,3507.3590000000004,3233.5856666666664,,,3233.5856666666664
117,8,2048,64.0,3886.8000000000006,,,3886.8000000000006,3233.5856666666664,,,3233.5856666666664
118,8,2048,96.0,4516.721333333333,,,4516.721333333333,3233.5856666666664,,,3233.5856666666664
119,8,2048,304.0,3233.5856666666664,,,3233.5856666666664,3233.5856666666664,,,3233.5856666666664
120,8,256,128.0,120.12833333333333,,,120.12833333333333,73.622,,,73.622
121,8,256,160.0,139.54600000000002,,,139.54600000000002,73.622,,,73.622
122,8,256,32.0,73.16733333333333,,,73.16733333333333,73.622,,,73.622
123,8,256,64.0,87.26666666666667,,,87.26666666666667,73.622,,,73.622
124,8,256,96.0,105.77533333333334,,,105.77533333333334,73.622,,,73.622
125,8,256,304.0,73.622,,,73.622,73.622,,,73.622
126,8,4096,128.0,21140.452333333335,,,21140.452333333335,12358.61166666667,,,12358.61166666667
127,8,4096,160.0,26208.355333333337,,,26208.355333333337,12358.61166666667,,,12358.61166666667
128,8,4096,32.0,13479.482666666669,,,13479.482666666669,12358.61166666667,,,12358.61166666667
129,8,4096,64.0,15333.591999999999,,,15333.591999999999,12358.61166666667,,,12358.61166666667
130,8,4096,96.0,17572.58166666667,,,17572.58166666667,12358.61166666667,,,12358.61166666667
131,8,4096,304.0,12358.61166666667,,,12358.61166666667,12358.61166666667,,,12358.61166666667
132,8,512,128.0,394.62266666666665,,,394.62266666666665,219.55566666666664,,,219.55566666666664
133,8,512,160.0,482.0226666666667,,,482.0226666666667,219.55566666666664,,,219.55566666666664
134,8,512,32.0,247.0186666666667,,,247.0186666666667,219.55566666666664,,,219.55566666666664
135,8,512,64.0,279.26533333333333,,,279.26533333333333,219.55566666666664,,,219.55566666666664
136,8,512,96.0,335.488,,,335.488,219.55566666666664,,,219.55566666666664
137,8,512,304.0,219.55566666666664,,,219.55566666666664,219.55566666666664,,,219.55566666666664
138,8,8192,128.0,83871.831,,,83871.831,49170.336,,,49170.336
139,8,8192,160.0,103943.224,,,103943.224,49170.336,,,49170.336
140,8,8192,32.0,53674.348666666665,,,53674.348666666665,49170.336,,,49170.336
141,8,8192,64.0,60294.602666666666,,,60294.602666666666,49170.336,,,49170.336
142,8,8192,96.0,69774.36066666666,,,69774.36066666666,49170.336,,,49170.336
143,8,8192,304.0,49170.336,,,49170.336,49170.336,,,49170.336
